Date,open,high,low,close,volume,dividends,stock splits,rsi,sma_20,ema_50,macd,macd_signal,bb_upper,bb_lower,daily_return,return_lag1,return_lag2,volume_lag1,target
2024-09-13 00:00:00+00:00,58130.32421875,60648.0234375,57650.11328125,60571.30078125,32490528356,0.0,0.0,56.073414065861876,58243.21367187501,60016.3865625,-772.0689114464185,-1172.834008314256,63373.639930571524,53112.7874131785,0.04205082955798245,0.013669279499548104,-0.005300015516934153,33835707949.0,0
2024-09-14 00:00:00+00:00,60569.1171875,60656.72265625,59517.8828125,60005.12109375,16428405496,0.0,0.0,54.13493935277323,58026.79257812501,60015.944779411766,-538.2504871181591,-1045.9173040750366,62382.10378467727,53671.48137157275,-0.00934732588201681,0.04205082955798245,0.013669279499548104,32490528356.0,0
2024-09-15 00:00:00+00:00,60000.7265625,60381.91796875,58696.30859375,59182.8359375,18120960867,0.0,0.0,51.35801396213236,57841.90136718751,59983.273844434836,-414.52090232115734,-919.6380237242607,61603.0379587894,54080.764775585616,-0.013703582981947293,-0.00934732588201681,0.04205082955798245,16428405496.0,0
2024-09-16 00:00:00+00:00,59185.2265625,59205.51171875,57501.33984375,58192.5078125,32032822113,0.0,0.0,48.15423606935465,57776.32011718751,59913.04772553543,-391.8584181945116,-814.082102618311,61460.371053544324,54092.2691808307,-0.016733367188517922,-0.013703582981947293,-0.00934732588201681,18120960867.0,1
2024-09-17 00:00:00+00:00,58192.5078125,61316.08984375,57628.0703125,60308.5390625,38075570118,0.0,0.0,54.66216241479164,57840.365820312516,59928.55718973012,-200.83707401328866,-691.4330968973065,61658.1202034797,54022.61143714533,0.0363626062794542,-0.016733367188517922,-0.013703582981947293,32032822113.0,1
2024-09-18 00:00:00+00:00,60309.0,61664.06640625,59218.25390625,61649.6796875,40990702891,0.0,0.0,58.24004661666575,57953.440820312506,59996.052189642665,58.09784178696282,-541.5269091604526,62085.26482882324,53821.616811801774,0.02223798894564699,0.0363626062794542,-0.016733367188517922,38075570118.0,1
2024-09-19 00:00:00+00:00,61651.15625,63872.44140625,61609.8671875,62940.45703125,42710252573,0.0,0.0,61.39753804980449,58144.48984375001,60111.51904617628,363.2729873793287,-360.5669298524964,62820.80311330144,53468.17657419858,0.020937291974474137,0.02223798894564699,0.0363626062794542,40990702891.0,1
2024-09-20 00:00:00+00:00,62941.42578125,64119.53125,62364.60546875,63192.9765625,35177164222,0.0,0.0,62.002825683159934,58355.64375000001,60232.36051740467,618.3744687564904,-164.77865013069902,63542.40324715761,53168.884252842414,0.004012038411551844,0.020937291974474137,0.02223798894564699,42710252573.0,1
2024-09-21 00:00:00+00:00,63184.33984375,63543.359375,62783.10546875,63394.83984375,14408616220,0.0,0.0,62.50890887624014,58659.111328125,60356.37931451625,827.2963530262787,33.63635050069652,64283.81581062552,53034.40684562448,0.003194394254405042,0.004012038411551844,0.020937291974474137,35177164222.0,1
2024-09-22 00:00:00+00:00,63396.8046875,63993.421875,62440.7265625,63648.7109375,20183348802,0.0,0.0,63.17322517665914,58885.92285156249,60485.49035855482,1001.8055364652682,227.2701876936109,64937.26230814677,52834.58339497822,0.004004601863112578,0.003194394254405042,0.004012038411551844,14408616220.0,0
2024-09-23 00:00:00+00:00,63643.1015625,64733.55859375,62628.078125,63329.80078125,31400285425,0.0,0.0,61.69434839672846,59180.86171875,60597.03194375856,1101.6725419492068,402.1506585447301,65502.5938070264,52859.129630473595,-0.005010473135318549,0.004004601863112578,0.003194394254405042,20183348802.0,1
2024-09-24 00:00:00+00:00,63326.83984375,64695.21484375,62737.41796875,64301.96875,29938335243,0.0,0.0,64.42812685060746,59497.38320312499,60742.32358321901,1244.9131102263782,570.7031488810597,66187.35948768543,52807.40691856454,0.01535087678718594,-0.005010473135318549,0.004004601863112578,31400285425.0,0
2024-09-25 00:00:00+00:00,64302.58984375,64804.50390625,62945.375,63143.14453125,25078377700,0.0,0.0,59.02098396310827,59846.51601562499,60836.47342431827,1250.5097646717259,706.664472039193,66532.0668340872,53160.965197162775,-0.018021597802944433,0.01535087678718594,-0.005010473135318549,29938335243.0,1
2024-09-26 00:00:00+00:00,63138.546875,65790.796875,62669.26953125,65181.01953125,36873129847,0.0,0.0,64.6409935485925,60408.129296875,61006.847781452845,1403.2093114346353,845.9734399182814,66891.69461885074,53924.56397489925,0.032273891570151925,-0.018021597802944433,0.01535087678718594,25078377700.0,1
2024-09-27 00:00:00+00:00,65180.6640625,66480.6953125,64852.9921875,65790.6640625,32058813449,0.0,0.0,66.13716930592526,60990.678125000006,61194.448419925284,1555.4873313464923,987.8762182039237,67190.25360791828,54791.102642081736,0.00935309904070647,0.032273891570151925,-0.018021597802944433,36873129847.0,1
2024-09-28 00:00:00+00:00,65792.1796875,66255.53125,65458.03515625,65887.6484375,15243637984,0.0,0.0,66.3808822772341,61542.982226562504,61378.49547943802,1664.8037662478455,1123.2617278127082,67394.35082400123,55691.61362912377,0.0014741358273548943,0.00935309904070647,0.032273891570151925,32058813449.0,0
2024-09-29 00:00:00+00:00,65888.8984375,66069.34375,65450.015625,65635.3046875,14788214575,0.0,0.0,65.06867390038614,61973.77070312501,61545.42917387182,1711.3484372816893,1240.8790697065044,67689.98769276866,56257.55371348136,-0.003829909793174213,0.0014741358273548943,0.00935309904070647,15243637984.0,0
2024-09-30 00:00:00+00:00,65634.65625,65635.0546875,62873.6171875,63329.5,37112957475,0.0,0.0,54.47244558043382,62257.81015625,61615.39273568076,1544.373678122669,1301.5779913897375,67622.90574919494,56892.71456330507,-0.035130555094979754,-0.003829909793174213,0.0014741358273548943,14788214575.0,0
2024-10-01 00:00:00+00:00,63335.60546875,64110.98046875,60189.27734375,60837.0078125,50220923500,0.0,0.0,45.791614943422516,62432.50195312501,61584.8678367325,1197.1220122217492,1280.68679555614,67331.0485971688,57533.95530908121,-0.039357521968434894,-0.035130555094979754,-0.003829909793174213,37112957475.0,0
2024-10-02 00:00:00+00:00,60836.32421875,62357.6875,59996.94921875,60632.78515625,40762722398,0.0,0.0,45.156633887630036,62557.790625,61547.5312610273,895.1250590974159,1203.5744482643954,67108.5024415715,58007.0788084285,-0.0033568819965540397,-0.039357521968434894,-0.035130555094979754,50220923500.0,1
2024-10-03 00:00:00+00:00,60632.484375,61469.0390625,59878.8046875,60759.40234375,36106447279,0.0,0.0,45.659751882371985,62567.195703125,61516.62424466349,658.4174206484604,1094.5430427412084,67101.36852454681,58033.02288170318,0.0020882627636797935,-0.0033568819965540397,-0.039357521968434894,40762722398.0,1
2024-10-04 00:00:00+00:00,60754.625,62465.9921875,60459.94140625,62067.4765625,29585472513,0.0,0.0,50.69226807939581,62670.31347656249,61538.22629634336,569.8071866568498,989.5958715243368,67050.33420447547,58290.29274864952,0.021528753876634443,0.0020882627636797935,-0.0033568819965540397,36106447279.0,1
2024-10-05 00:00:00+00:00,62067.609375,62371.0234375,61689.58203125,62089.94921875,13305410749,0.0,0.0,50.77660967118868,62815.669140624996,61559.86248937892,495.6823754907018,890.8131723176099,66890.71567430258,58740.6226069474,0.0003620681473552878,0.021528753876634443,0.0020882627636797935,29585472513.0,1
2024-10-06 00:00:00+00:00,62084.98828125,62959.5703125,61833.1484375,62818.953125,14776233667,0.0,0.0,53.55217997896307,63046.991406249996,61609.23859273661,490.1127367509471,810.6730852042774,66493.87284963233,59600.10996286766,0.011741093613744757,0.0003620681473552878,0.021528753876634443,13305410749.0,0
2024-10-07 00:00:00+00:00,62819.109375,64443.70703125,62152.55078125,62236.66015625,34253562610,0.0,0.0,51.07484822958345,63143.3974609375,61633.84335993321,433.7130081884461,735.2810698011112,66368.50760840329,59918.2873134717,-0.009269383518558882,0.011741093613744757,0.0003620681473552878,14776233667.0,0
2024-10-08 00:00:00+00:00,62221.64453125,63174.3046875,61843.5625,62131.96875,28134475157,0.0,0.0,50.62143350030369,63167.5119140625,61653.37768895544,376.23113707037555,663.4710832549641,66352.55949907422,59982.46432905078,-0.001682150134457161,-0.009269383518558882,0.011741093613744757,34253562610.0,0
2024-10-09 00:00:00+00:00,62131.7265625,62508.8359375,60314.61328125,60582.1015625,27670982363,0.0,0.0,44.345146848312616,63049.594140625006,61611.366860466995,203.2718198175353,571.4312305674785,66438.15723633251,59661.0310449175,-0.024944762232405493,-0.001682150134457161,-0.009269383518558882,28134475157.0,0
2024-10-10 00:00:00+00:00,60581.9296875,61236.72265625,58895.20703125,60274.5,30452813570,0.0,0.0,43.20033482802745,62903.670312500006,61558.94070907614,40.90787886653561,465.3265602272899,66510.56204924049,59296.77857575953,-0.005077433013489285,-0.024944762232405493,-0.001682150134457161,27670982363.0,1
2024-10-11 00:00:00+00:00,60275.4609375,63400.87109375,60046.125,62445.08984375,30327141594,0.0,0.0,52.515917906338295,62856.1828125,61593.691655533934,86.38594253607152,389.53843668904625,66460.85435129833,59251.51127370168,0.036011743668549645,-0.005077433013489285,-0.024944762232405493,30452813570.0,1
2024-10-12 00:00:00+00:00,62444.6171875,63448.78515625,62443.26953125,63193.0234375,16744110886,0.0,0.0,55.24002430720038,62833.3984375,61656.410548944375,180.6966672197741,347.7700827951918,66422.705613289,59244.09126171101,0.011977460447594401,0.036011743668549645,-0.005077433013489285,30327141594.0,0
2024-10-13 00:00:00+00:00,63192.9453125,63272.65234375,62035.63671875,62851.375,18177529690,0.0,0.0,53.72386664863802,62809.4771484375,61703.27189996617,225.27360844238137,323.2707879246297,66391.22361508342,59227.73068179159,-0.005406426515387475,0.011977460447594401,0.036011743668549645,16744110886.0,1
2024-10-14 00:00:00+00:00,62848.3984375,66482.4921875,62442.15234375,66046.125,43706958056,0.0,0.0,63.74470523645262,62896.6849609375,61873.579864673375,512.4831936345508,361.11326906661395,66708.95230402015,59084.41761785485,0.050830232433260125,-0.005406426515387475,0.011977460447594401,18177529690.0,1
2024-10-15 00:00:00+00:00,66050.3671875,67881.6796875,64809.1953125,67041.109375,48863870879,0.0,0.0,66.19960014991652,63091.583203125,62076.22808076462,811.0366570342885,451.09794666014886,67331.4782070338,58851.6881992162,0.015064992457922477,0.050830232433260125,-0.005406426515387475,43706958056.0,1
2024-10-16 00:00:00+00:00,67042.4609375,68375.2890625,66758.7265625,67612.71875,38195189534,0.0,0.0,67.55862826325254,63213.1681640625,62293.3453619111,1081.3019513556283,577.1387475992448,67828.2152977493,58598.12103037571,0.008526251733136592,0.015064992457922477,0.050830232433260125,48863870879.0,0
2024-10-17 00:00:00+00:00,67617.078125,67912.2109375,66647.390625,67399.8359375,32790898511,0.0,0.0,66.48645318561817,63293.62675781251,62493.599894287145,1263.7436305093142,714.4597241812587,68147.79188092785,58439.46163469718,-0.0031485616380424464,0.008526251733136592,0.015064992457922477,38195189534.0,1
2024-10-18 00:00:00+00:00,67419.109375,68969.75,67177.8203125,68418.7890625,36857165014,0.0,0.0,69.02073164086377,63420.18378906251,62725.9602538249,1473.5646411794733,866.2807075809017,68674.59290468809,58165.77467343693,0.015118035686984221,-0.0031485616380424464,0.008526251733136592,32790898511.0,0
2024-10-19 00:00:00+00:00,68418.9765625,68668.0078125,68024.640625,68362.734375,14443497908,0.0,0.0,68.71289903094025,63556.555273437516,62947.01021936118,1616.6899634574656,1016.3625587562145,69181.5366591021,57931.57388777293,-0.0008192879217548965,0.015118035686984221,-0.0031485616380424464,36857165014.0,1
2024-10-20 00:00:00+00:00,68364.1796875,69359.0078125,68105.71875,69001.703125,18975847518,0.0,0.0,70.33696269593395,63840.16542968751,63184.44915683721,1761.373236313928,1165.3646942677574,69966.57694329358,57713.75391608145,0.009346740674458287,-0.0008192879217548965,0.015118035686984221,14443497908.0,0
2024-10-21 00:00:00+00:00,69002.0,69462.734375,66829.8515625,67367.8515625,37498611780,0.0,0.0,61.54035213105984,64166.70761718751,63348.504153137714,1724.3207102178421,1277.1558974577742,70315.29544710224,58018.119787272786,-0.023678423698328066,0.009346740674458287,-0.0008192879217548965,18975847518.0,0
2024-10-22 00:00:00+00:00,67360.703125,67801.578125,66581.3671875,67361.40625,31808472566,0.0,0.0,61.50767250240465,64503.13867187501,63505.87286281859,1675.1264188580244,1356.7500017378243,70573.39666931839,58432.880674431624,-9.567341618454961e-05,-0.023678423698328066,0.009346740674458287,37498611780.0,0
2024-10-23 00:00:00+00:00,67362.375,67402.7421875,65188.03515625,66432.1953125,32263980353,0.0,0.0,56.82282982104659,64786.77832031251,63620.630605943355,1543.3690341019537,1394.0738082106502,70646.98887093352,58926.56776969149,-0.01379441121005398,-9.567341618454961e-05,-0.023678423698328066,31808472566.0,1
2024-10-24 00:00:00+00:00,66653.703125,68798.9609375,66454.1015625,68161.0546875,31414428647,0.0,0.0,62.53979911905645,65091.4572265625,63798.68645227891,1560.4667707277986,1427.35240071408,70989.88477433434,59193.02967879067,0.02602442034118191,-0.01379441121005398,-9.567341618454961e-05,32263980353.0,0
2024-10-25 00:00:00+00:00,68165.296875,68722.15625,65521.79296875,66642.4140625,41469984306,0.0,0.0,55.57838264673697,65319.080468750006,63910.2051820915,1434.9342151414749,1428.868763599559,71079.55460449502,59558.606333004995,-0.022280180844656217,0.02602442034118191,-0.01379441121005398,31414428647.0,1
2024-10-26 00:00:00+00:00,66628.734375,67317.921875,66360.59375,67014.6953125,19588098156,0.0,0.0,56.84649588038721,65528.867578125,64031.94989308791,1349.9276207061266,1413.0805350208727,71211.04296054898,59846.69219570101,0.00558625096700216,-0.022280180844656217,0.02602442034118191,41469984306.0,1
2024-10-27 00:00:00+00:00,67023.4765625,68221.3125,66847.2265625,67929.296875,16721307878,0.0,0.0,59.87691984827864,65813.4994140625,64184.78702963349,1340.9028907843458,1398.6450061735675,71370.22945541129,60256.76937271373,0.01364777618155344,0.00558625096700216,-0.022280180844656217,19588098156.0,1
2024-10-28 00:00:00+00:00,67922.671875,70212.265625,67535.1328125,69907.7578125,38799856657,0.0,0.0,65.51797462582296,66202.28886718751,64409.21725641257,1476.3772325460886,1414.1914514480718,71762.54388972874,60642.033844646285,0.029125296867722028,0.01364777618155344,0.00558625096700216,16721307878.0,1
2024-10-29 00:00:00+00:00,69910.046875,73577.2109375,69729.9140625,72720.4921875,58541874402,0.0,0.0,71.62567258036155,66809.2083984375,64735.1496066513,1790.0709577719972,1489.367352712857,72435.95866997095,61182.458126904065,0.04023493905417541,0.029125296867722028,0.01364777618155344,38799856657.0,0
2024-10-30 00:00:00+00:00,72715.3671875,72905.296875,71411.734375,72339.5390625,40646637831,0.0,0.0,69.8218102392695,67412.4603515625,65033.36095786105,1985.0533028034406,1588.5045427309738,72663.83407577149,62161.08662735352,-0.005238593875544262,0.04023493905417541,0.029125296867722028,58541874402.0,0
2024-10-31 00:00:00+00:00,72335.046875,72662.3125,69590.5,70215.1875,40627912076,0.0,0.0,60.64908352199132,67800.965234375,65236.5698418665,1945.731615972778,1659.9499573793348,72638.36747951386,62963.56298923615,-0.029366396164960396,-0.005238593875544262,0.04023493905417541,40646637831.0,0
2024-11-01 00:00:00+00:00,70216.8984375,71559.015625,68779.703125,69482.46875,49989795365,0.0,0.0,57.82722460099543,68115.43750000001,65403.07568140115,1834.299948330823,1694.8199555696326,72486.84357606388,63744.03142393615,-0.010435331387529279,-0.029366396164960396,-0.005238593875544262,40627912076.0,0
2024-11-02 00:00:00+00:00,69486.0234375,69867.3515625,69033.71875,69289.2734375,18184612091,0.0,0.0,57.07319704254977,68437.332421875,65555.47559340502,1710.6806402257935,1697.992092500865,72060.76108685546,64813.90375689454,-0.0027804900426771084,-0.010435331387529279,-0.029366396164960396,49989795365.0,0
2024-11-03 00:00:00+00:00,69296.3828125,69361.65625,67482.5234375,68741.1171875,34868307655,0.0,0.0,54.88638253323053,68572.08203125,65680.40271474207,1550.6054057819565,1668.5147551570833,72017.1435075427,65127.0205549573,-0.00791112711687536,-0.0027804900426771084,-0.010435331387529279,18184612091.0,0
2024-11-04 00:00:00+00:00,68742.1328125,69433.1796875,66803.6484375,67811.5078125,41184819348,0.0,0.0,51.29674681966832,68610.60195312499,65763.97546367376,1333.3627459666313,1601.4843533189928,72000.37141939717,65220.83248685282,-0.013523338185854272,-0.00791112711687536,-0.0027804900426771084,34868307655.0,1
2024-11-05 00:00:00+00:00,67811.171875,70522.7890625,67458.8671875,69359.5625,46046889204,0.0,0.0,56.4094291890321,68697.944140625,65904.97887686302,1271.454907838197,1535.4784642228337,72069.42355268038,65326.46472856961,0.02282879023690776,-0.013523338185854272,-0.00791112711687536,41184819348.0,1
2024-11-06 00:00:00+00:00,69358.5,76460.15625,69322.03125,75639.078125,118592653963,0.0,0.0,70.1143834658421,69109.90625000001,66286.7082591429,1709.3921226055245,1570.261195899372,73631.02975414896,64588.78274585107,0.09053568676993895,0.02282879023690776,-0.013523338185854272,46046889204.0,1
2024-11-07 00:00:00+00:00,75637.0859375,76943.1171875,74480.421875,75904.859375,63467654989,0.0,0.0,70.53661489263509,69484.20976562501,66663.89065584319,2054.226996026002,1667.0543559246983,74912.87310468007,64055.546426569956,0.003513808689745934,0.09053568676993895,0.02282879023690776,118592653963.0,1
2024-11-08 00:00:00+00:00,75902.8359375,77252.75,75648.7421875,76545.4765625,55176858003,0.0,0.0,71.57890374021117,69893.34687500002,67051.40382865326,2352.090139776803,1804.0615126951193,76138.1805303855,63648.51321961453,0.008439738809541852,0.003513808689745934,0.09053568676993895,63467654989.0,1
2024-11-09 00:00:00+00:00,76556.1875,76932.765625,75773.7890625,76778.8671875,29009480361,0.0,0.0,71.96797524131169,70282.205078125,67432.87297998059,2577.272309213731,1958.7036719988419,77223.02859100497,63341.38156524503,0.0030490452928257916,0.008439738809541852,0.003513808689745934,55176858003.0,1
2024-11-10 00:00:00+00:00,76775.546875,81474.421875,76565.4296875,80474.1875,82570594495,0.0,0.0,77.27296689723715,70937.521875,67944.29707880488,3019.109847983811,2170.784907195836,79089.05572632216,62785.988023677855,0.048129393514959595,0.0030490452928257916,0.008439738809541852,29009480361.0,1
2024-11-11 00:00:00+00:00,80471.4140625,89604.5,80283.25,88701.484375,117966845037,0.0,0.0,84.36665300731796,72004.52578125,68758.30442375371,3987.1816322283703,2534.0642522023427,83202.50923347945,60806.542329020565,0.10223522760015435,0.048129393514959595,0.0030490452928257916,82570594495.0,0
2024-11-12 00:00:00+00:00,88705.5625,89956.8828125,85155.109375,87955.8125,133673285375,0.0,0.0,81.87239154368123,73080.706640625,69511.14787772416,4640.720668235052,2955.3955354088844,86024.75493701875,60136.65834423124,-0.008406532091926988,0.10223522760015435,0.048129393514959595,117966845037.0,1
2024-11-13 00:00:00+00:00,87929.96875,93434.3515625,86256.9296875,90584.1640625,123559027869,0.0,0.0,83.70149890799026,74201.86210937501,70337.54066928399,5309.536041394269,3426.2236366059615,89090.09900332565,59313.62521542437,0.029882636380625716,-0.008406532091926988,0.10223522760015435,133673285375.0,0
2024-11-14 00:00:00+00:00,90574.8828125,91765.21875,86682.8125,87250.4296875,87616705248,0.0,0.0,73.56265775006703,75232.262890625,71000.79121901795,5507.090232144154,3842.3969557136006,90756.56258847965,59707.96319277036,-0.03680261786927608,0.029882636380625716,-0.008406532091926988,123559027869.0,1
2024-11-15 00:00:00+00:00,87284.1796875,91868.7421875,87124.8984375,91066.0078125,78243109518,0.0,0.0,76.99706902023108,76434.82851562499,71787.66245797803,5903.486896040573,4254.614943778995,92972.0224159988,59897.63461525119,0.04373133907381366,-0.03680261786927608,0.029882636380625716,87616705248.0,0
2024-11-16 00:00:00+00:00,91064.3671875,91763.9453125,90094.2265625,90558.4765625,44333192814,0.0,0.0,75.59041160925138,77566.2875,72523.7728150181,6106.291055548703,4624.950166132937,94737.58296021208,60394.99203978793,-0.005573223886622736,0.04373133907381366,-0.03680261786927608,78243109518.0,0
2024-11-17 00:00:00+00:00,90558.4609375,91433.0390625,88741.6640625,89845.8515625,46350159305,0.0,0.0,73.55838550413168,78563.1921875,73203.07002080171,6138.748262507506,4927.709785407851,96171.87323697734,60954.51113802266,-0.007869224693816235,-0.005573223886622736,0.04373133907381366,44333192814.0,1
2024-11-18 00:00:00+00:00,89843.71875,92596.7890625,89393.59375,90542.640625,75535775084,0.0,0.0,74.28625392560485,79454.299609375,73883.05318175067,6149.804765680266,5172.128781462334,97613.24939506274,61295.349823687255,0.007755383808848215,-0.007869224693816235,-0.005573223886622736,46350159305.0,1
2024-11-19 00:00:00+00:00,90536.8125,94002.8671875,90426.984375,92343.7890625,74521048295,0.0,0.0,76.11644621597893,80454.512109375,74607.00360844671,6232.065379810738,5384.116101132015,99158.92218370092,61750.102035049094,0.019892819836786257,0.007755383808848215,-0.007869224693816235,75535775084.0,1
2024-11-20 00:00:00+00:00,92341.890625,94902.0234375,91619.5,94339.4921875,71730956426,0.0,0.0,77.98609318383751,81660.72734375,75380.82668997822,6384.695279715685,5584.231936848749,100693.44621673896,62628.00847076103,0.02161166598491282,0.019892819836786257,0.007755383808848215,74521048295.0,1
2024-11-21 00:00:00+00:00,94334.640625,99014.21875,94132.6015625,98504.7265625,106024505582,0.0,0.0,81.27989284865119,83111.840234375,76287.6462928222,6763.786458789735,5820.142841236947,102653.73367517405,63569.94679357596,0.044151545428309014,0.02161166598491282,0.019892819836786257,71730956426.0,1
2024-11-22 00:00:00+00:00,98496.4296875,99655.5,97222.6640625,98997.6640625,78473580551,0.0,0.0,81.63019412661244,84597.259765625,77178.23522496643,7023.037679331639,6060.721808855886,104231.4041312722,64963.115399977796,0.005004201495724558,0.044151545428309014,0.02161166598491282,106024505582.0,0
2024-11-23 00:00:00+00:00,99006.7421875,99014.6796875,97232.890625,97777.28125,44414644677,0.0,0.0,77.75111256314604,86049.06796875001,77986.04095143832,7048.767639963247,6258.330975077359,105029.7450478503,67068.39088964972,-0.012327389984975179,0.005004201495724558,0.044151545428309014,78473580551.0,1
2024-11-24 00:00:00+00:00,97778.09375,98647.1796875,95788.078125,98013.8203125,51712020623,0.0,0.0,77.96963261442103,87559.18359375,78771.44406363682,7007.467817638011,6408.15834358949,105188.1173495313,69930.2498379687,0.002419161787646784,-0.012327389984975179,0.005004201495724558,44414644677.0,0
2024-11-25 00:00:00+00:00,98033.4453125,98935.03125,92642.9140625,93102.296875,80909462490,0.0,0.0,63.92920508419591,88746.32031249999,79333.43829153343,6503.450784418674,6427.216831755327,104289.23696353467,73203.4036614653,-0.05011051933125821,0.002419161787646784,-0.012327389984975179,51712020623.0,0
2024-11-26 00:00:00+00:00,93087.28125,94991.75,90770.8125,91985.3203125,91656519855,0.0,0.0,61.22883455044547,89563.632421875,79829.59052764978,5945.3487017320585,6330.843205750673,103874.81367552494,75252.45116822504,-0.011997304040733403,-0.05011051933125821,0.002419161787646784,80909462490.0,1
2024-11-27 00:00:00+00:00,91978.140625,97361.1796875,91778.6640625,95962.53125,71133452438,0.0,0.0,66.63334086705326,90566.51601562499,80462.25486970274,5757.606361858139,6216.195836972167,103601.81531503491,77531.21671621507,0.04323745271515378,-0.011997304040733403,-0.05011051933125821,91656519855.0,0
2024-11-28 00:00:00+00:00,95954.9453125,96650.203125,94677.3515625,95652.46875,52260008261,0.0,0.0,65.86254218180534,91521.865625,81057.94953167519,5520.166706836026,6076.990010944939,102929.5167280027,80114.21452199732,-0.0032310787967048116,0.04323745271515378,-0.011997304040733403,71133452438.0,1
2024-11-29 00:00:00+00:00,95653.953125,98693.171875,95407.8828125,97461.5234375,54968682476,0.0,0.0,68.17565087904842,92555.9984375,81701.22693974675,5415.542659233688,5944.700540602689,101899.43194413043,83212.56493086959,0.018912786163713058,-0.0032310787967048116,0.04323745271515378,52260008261.0,0
2024-11-30 00:00:00+00:00,97468.8125,97499.34375,96144.21875,96449.0546875,31634227866,0.0,0.0,65.50064313009844,93354.741796875,82279.57312593315,5191.08992781608,5793.978418045367,100909.45065808995,85800.03293566004,-0.010388394458550332,0.018912786163713058,-0.0032310787967048116,54968682476.0,1
2024-12-01 00:00:00+00:00,96461.3359375,97888.125,95770.1875,97279.7890625,36590695296,0.0,0.0,66.65667522490516,93783.65703125001,82867.81688815147,5022.348337072181,5639.65240185073,101198.77032110743,86368.5437413926,0.008613193542348574,-0.010388394458550332,0.018912786163713058,31634227866.0,0
2024-12-02 00:00:00+00:00,97276.0078125,98152.6015625,94482.8671875,95865.3046875,72680784305,0.0,0.0,62.79810769019981,94179.131640625,83377.5222920475,4720.072287776304,5455.736379035845,101113.63774731825,87244.62553393174,-0.01454037255458307,0.008613193542348574,-0.010388394458550332,36590695296.0,1
2024-12-03 00:00:00+00:00,95854.59375,96297.203125,93629.5625,96002.1640625,67067810961,0.0,0.0,63.02115494501315,94450.03164062499,83872.60628304565,4440.3738826267945,5252.663879754035,101214.44238022112,87685.62090102886,0.0014276215513644441,-0.01454037255458307,0.008613193542348574,72680784305.0,1
2024-12-04 00:00:00+00:00,95988.53125,99207.328125,94660.5234375,98768.53125,77199817112,0.0,0.0,67.2901909337312,95025.93671875,84456.76020331836,4391.3132681065035,5080.393757424529,101139.4039496196,88912.4694878804,0.02881567529768403,0.0014276215513644441,-0.01454037255458307,67067810961.0,0
2024-12-05 00:00:00+00:00,98741.5390625,103900.46875,91998.78125,96593.5703125,149218945580,0.0,0.0,61.29845931544643,95302.31484374999,84932.71354093333,4129.330851253224,4890.181176190268,101156.28386711546,89448.34582038452,-0.022020788503929523,0.02881567529768403,0.0014276215513644441,77199817112.0,1
2024-12-06 00:00:00+00:00,97074.2265625,102039.8828125,96514.875,99920.7109375,94534772658,0.0,0.0,66.24938752719693,95770.4265625,85520.47814472025,4142.428997863855,4740.630740524986,101523.60486060474,90017.24826439525,0.03444474217316973,-0.022020788503929523,0.02881567529768403,149218945580.0,1
2024-12-07 00:00:00+00:00,99916.7109375,100563.3828125,99030.8828125,99923.3359375,44177510897,0.0,0.0,66.25305558072687,96274.30078125,86085.29609737829,4105.693312184274,4613.643254856845,101591.3799219732,90957.2216405268,2.627082989481444e-05,0.03444474217316973,-0.022020788503929523,94534772658.0,1
2024-12-08 00:00:00+00:00,99921.9140625,101399.9921875,98771.515625,101236.015625,44125751925,0.0,0.0,68.11900559794901,96808.96953125,86679.4419612066,4134.838453037228,4517.882294492922,101842.29202702602,91775.64703547397,0.013136868131795154,2.627082989481444e-05,0.03444474217316973,44177510897.0,0
2024-12-09 00:00:00+00:00,101237.0625,101272.5078125,94355.9140625,97432.71875,110676473908,0.0,0.0,58.09600091307567,97063.416015625,87101.13909017888,3807.1553972606052,4375.736915046458,101640.11809410379,92486.71393714621,-0.03756861480096407,0.013136868131795154,2.627082989481444e-05,44125751925.0,0
2024-12-10 00:00:00+00:00,97441.234375,98270.15625,94321.2578125,96675.4296875,104823780634,0.0,0.0,56.319067196251645,97180.212890625,87476.60146654442,3446.6267486064316,4189.914881758454,101580.03109897865,92780.39468227135,-0.007772430783165474,-0.03756861480096407,0.013136868131795154,110676473908.0,1
2024-12-11 00:00:00+00:00,96656.0625,101913.359375,95747.2265625,101173.03125,85391409936,0.0,0.0,63.46608937488063,97313.62812500002,88013.71636001328,3483.6665160585108,4048.6652086184654,102032.78663060522,92594.46961939482,0.04652269534294651,-0.007772430783165474,-0.03756861480096407,104823780634.0,0
2024-12-12 00:00:00+00:00,101167.8046875,102524.9140625,99339.953125,100043.0,72073983533,0.0,0.0,60.775449564673956,97365.894921875,88485.4529733461,3382.84143054593,3915.5004530039582,102185.66840829772,92546.1214354523,-0.011169293200355757,0.04652269534294651,-0.007772430783165474,85391409936.0,1
2024-12-13 00:00:00+00:00,100046.6484375,101888.8046875,99233.28125,101459.2578125,56894751583,0.0,0.0,62.89841459735011,97549.99375000001,88994.22963370508,3378.2743493831367,3808.055232279794,102705.51325846039,92394.47424153963,0.014156490833941326,-0.011169293200355757,0.04652269534294651,72073983533.0,0
2024-12-14 00:00:00+00:00,101451.4375,102618.8828125,100634.0546875,101372.96875,40422968793,0.0,0.0,62.67583614510189,97717.951171875,89479.67038336371,3329.313840929288,3712.3069540096926,103148.62178122227,92287.28056252773,-0.0008504799301751742,0.014156490833941326,-0.011169293200355757,56894751583.0,1
2024-12-15 00:00:00+00:00,101373.53125,105047.5390625,101227.03125,104298.6953125,51145914137,0.0,0.0,66.94674515311962,98277.77109375001,90060.80861587888,3486.404862471958,3667.126535702146,104005.30078035333,92550.24140714669,0.02886101293644905,-0.0008504799301751742,0.014156490833941326,40422968793.0,1
2024-12-16 00:00:00+00:00,104293.578125,107780.578125,103322.984375,106029.71875,91020417816,0.0,0.0,69.19287712214488,98979.991015625,90687.0403858444,3707.8381038518564,3675.2688493320884,104899.75864502795,93060.22338622205,0.016596788984881483,0.02886101293644905,-0.0008504799301751742,51145914137.0,1
2024-12-17 00:00:00+00:00,106030.6875,108268.4453125,105291.734375,106140.6015625,68589364868,0.0,0.0,69.33662022894302,99488.89453125,91293.06239277207,3847.916473407604,3709.7983741471917,106033.4295102936,92944.3595522064,0.001045771070669721,0.016596788984881483,0.02886101293644905,91020417816.0,0
2024-12-18 00:00:00+00:00,106147.296875,106470.609375,100041.5390625,100041.5390625,93865656139,0.0,0.0,54.322519505656004,99708.34804687499,91636.13990923199,3427.278683476543,3653.2944360130623,106000.71622677307,93415.97986697691,-0.057462106019896764,0.001045771070669721,0.016596788984881483,68589364868.0,0
2024-12-19 00:00:00+00:00,100070.6875,102748.1484375,95587.6796875,97490.953125,97221662392,0.0,0.0,49.49565312670178,99709.81953124999,91865.7404274974,2855.196309644787,3493.6748107394073,105999.98877569819,93419.65028680179,-0.025495268879325628,-0.057462106019896764,0.001045771070669721,93865656139.0,1
2024-12-20 00:00:00+00:00,97484.6953125,98098.9140625,92175.1796875,97755.9296875,105634083408,0.0,0.0,49.99278343153218,99775.16328125,92096.72824161516,2395.583505393166,3274.0565496701593,105948.7793056601,93601.54725683991,0.002717960528709318,-0.025495268879325628,-0.057462106019896764,97221662392.0,0
2024-12-21 00:00:00+00:00,97756.1953125,99507.1015625,96426.5234375,97224.7265625,51765334294,0.0,0.0,48.952494097381305,99772.41015625,92297.82621498319,1965.8127284963994,3012.4077854354073,105950.75900313974,93594.06130936026,-0.005433973434635808,0.002717960528709318,-0.025495268879325628,105634083408.0,0
2024-12-22 00:00:00+00:00,97218.3203125,97360.265625,94202.1875,95104.9375,43147981314,0.0,0.0,44.934209920051515,99734.39179687499,92407.90901047405,1437.5953259021044,2697.445293528747,106022.3568043236,93446.42678942638,-0.021802983021374844,-0.005433973434635808,0.002717960528709318,51765334294.0,0
2024-12-23 00:00:00+00:00,95099.390625,96416.2109375,92403.1328125,94686.2421875,65239002919,0.0,0.0,44.16310136236196,99668.59570312499,92497.2554095731,973.9667339732259,2352.7495816176424,106145.69059755033,93191.50080869964,-0.004402456102765462,-0.021802983021374844,-0.005433973434635808,43147981314.0,1
2024-12-24 00:00:00+00:00,94684.34375,99404.0625,93448.015625,98676.09375,47114953674,0.0,0.0,52.52404745452173,99663.97382812499,92739.5627954722,917.9043807927665,2065.7805414526674,106143.90428034622,93184.04337590376,0.04213760595334648,-0.004402456102765462,-0.021802983021374844,65239002919.0,1
2024-12-25 00:00:00+00:00,98675.9140625,99478.75,97593.46875,99299.1953125,33700394629,0.0,0.0,53.690300741677234,99799.25507812499,92996.80328633604,913.2265434771252,1835.269741857559,106120.31068527732,93478.19947097266,0.0063146152104343045,0.04213760595334648,-0.004402456102765462,47114953674.0,0
2024-12-26 00:00:00+00:00,99297.6953125,99884.5703125,95137.8828125,95795.515625,47054980873,0.0,0.0,46.73784662675247,99592.9953125,93106.55671138168,619.6586155976111,1592.1475166055695,106161.72666819775,93024.26395680226,-0.03528406928650052,0.0063146152104343045,0.04213760595334648,33700394629.0,0
2024-12-27 00:00:00+00:00,95704.9765625,97294.84375,93310.7421875,94164.859375,52419934565,0.0,0.0,43.88929800672202,99305.07148437502,93148.0587766216,252.51277619801112,1324.220568524058,106303.59211635542,92306.55085239462,-0.017022260795415023,-0.03528406928650052,0.0063146152104343045,47054980873.0,1
2024-12-28 00:00:00+00:00,94160.1875,95525.8984375,94014.2890625,95163.9296875,24107436185,0.0,0.0,46.05848213679718,99001.46718750002,93227.11253783252,41.68318021600135,1067.7130908624467,106172.00091421367,91830.93346078637,0.010609799867287384,-0.017022260795415023,-0.03528406928650052,52419934565.0,0
2024-12-29 00:00:00+00:00,95174.0546875,95174.875,92881.7890625,93530.2265625,29635885267,0.0,0.0,43.122734132940366,98806.34257812501,93238.9993623293,-254.29562068403175,803.3113485531511,106358.83482904559,91253.85032720443,-0.017167251608511402,0.010609799867287384,-0.017022260795415023,24107436185.0,0
2024-12-30 00:00:00+00:00,93527.1953125,94903.3203125,91317.1328125,92643.2109375,56188003691,0.0,0.0,41.573322884199904,98604.73164062502,93215.63511037521,-554.048969016716,531.8392850391776,106599.08653933319,90610.37674191684,-0.00948373223930199,-0.017167251608511402,0.010609799867287384,29635885267.0,1
2024-12-31 00:00:00+00:00,92643.25,96090.6015625,91914.03125,93429.203125,43625106843,0.0,0.0,43.51020011858232,98217.54023437502,93224.010326635,-719.884278604819,281.4945723103783,106435.1428108975,89999.93765785254,0.008484077565384274,-0.00948373223930199,-0.017167251608511402,56188003691.0,1
2025-01-01 00:00:00+00:00,93425.1015625,94929.8671875,92788.125,94419.7578125,24519888919,0.0,0.0,45.94236417941683,97936.378125,93270.90238490423,-762.5898107196408,72.67769570437449,106274.90655550292,89597.84969449708,0.010602195613021781,0.008484077565384274,-0.00948373223930199,43625106843.0,1
2025-01-02 00:00:00+00:00,94416.2890625,97739.8203125,94201.5703125,96886.875,46009564411,0.0,0.0,51.53881700027032,97707.75898437502,93412.70523255505,-590.5510096903163,-59.968045374563665,105888.8406156372,89526.67735311284,0.026129247147606893,0.010602195613021781,0.008484077565384274,24519888919.0,1
2025-01-03 00:00:00+00:00,96881.7265625,98956.9140625,96034.6171875,98107.4296875,35611391163,0.0,0.0,54.07210456515109,97544.48203125001,93596.81207392544,-351.66666333182366,-118.30776896601567,105545.9390814444,89543.02498105561,0.012597729955682757,0.026129247147606893,0.010602195613021781,46009564411.0,1
2025-01-04 00:00:00+00:00,98106.9921875,98734.4296875,97562.9765625,98236.2265625,22342608078,0.0,0.0,54.343328177593065,97241.35859375,93778.7498970068,-150.2245710186835,-124.69112937654924,104598.87795516619,89883.83923233382,0.0013128146911018934,0.012597729955682757,0.026129247147606893,35611391163.0,1
2025-01-05 00:00:00+00:00,98233.90625,98813.3046875,97291.765625,98314.9609375,20525254825,0.0,0.0,54.52014101854522,96855.62070312501,93956.64052604575,15.593195847963216,-96.63426433164676,102978.46242952235,90732.77897672767,0.0008014800420892421,0.0013128146911018934,0.012597729955682757,22342608078.0,1
2025-01-06 00:00:00+00:00,98314.953125,102482.875,97926.1484375,102078.0859375,51823432705,0.0,0.0,62.07902951731221,96652.49492187501,94275.1285813969,445.5220081127336,11.796990157229317,101643.2596188151,91661.73022493493,0.03827621924594227,0.0008014800420892421,0.0013128146911018934,20525254825.0,0
2025-01-07 00:00:00+00:00,102248.8515625,102712.484375,96132.875,96922.703125,58685738547,0.0,0.0,49.854319173581644,96496.55312500002,94378.95503408722,366.02803828468313,82.64319978272009,101229.70081786485,91763.40543213519,-0.05050430525956884,0.03827621924594227,0.0008014800420892421,51823432705.0,0
2025-01-08 00:00:00+00:00,96924.1640625,97258.3203125,92525.84375,95043.5234375,63875859171,0.0,0.0,46.27705169437199,96374.18164062503,94405.01654010342,149.66910635918612,96.0483810980133,101125.59654237542,91622.76673887463,-0.019388436629511285,-0.05050430525956884,0.03827621924594227,58685738547.0,0
2025-01-09 00:00:00+00:00,95043.484375,95349.71875,91220.84375,92484.0390625,62777261693,0.0,0.0,41.870254337980015,96110.587109375,94329.68409000132,-225.723899922712,31.693924893868235,101117.32093337298,91103.85328537703,-0.026929603222076492,-0.019388436629511285,-0.05050430525956884,63875859171.0,1
2025-01-10 00:00:00+00:00,92494.4921875,95770.609375,92250.09375,94701.453125,62058693684,0.0,0.0,46.61342203804948,95984.42343750001,94344.2632678444,-340.3751460134081,-42.71988928758703,101000.10575868815,90968.74111631187,0.023976181025154863,-0.026929603222076492,-0.019388436629511285,62777261693.0,0
2025-01-11 00:00:00+00:00,94700.8359375,94977.6875,93840.046875,94566.59375,18860894100,0.0,0.0,46.36563118999245,95957.50625,94352.98211028188,-437.0807146484003,-121.59205435974968,100998.77453773672,90916.23796226329,-0.001424047578467369,0.023976181025154863,-0.026929603222076492,62058693684.0,0
2025-01-12 00:00:00+00:00,94565.7265625,95367.5390625,93712.5078125,94488.4375,20885130965,0.0,0.0,46.212311046512035,95947.616015625,94358.29408634927,-514.1008956057485,-200.09382260894944,101000.14904577026,90895.08298547973,-0.0008264678561502592,-0.001424047578467369,0.023976181025154863,18860894100.0,1
2025-01-13 00:00:00+00:00,94488.890625,95837.0,89260.1015625,94516.5234375,72978998252,0.0,0.0,46.28105593360335,95739.63750000001,94364.49915894342,-566.3451689130161,-273.3440918697628,100659.98754230436,90819.28745769567,0.00029724205673309356,-0.0008264678561502592,-0.001424047578467369,20885130965.0,1
2025-01-14 00:00:00+00:00,94519.0078125,97352.6640625,94322.15625,96534.046875,53769675818,0.0,0.0,51.11445168392561,95601.380078125,94449.57946153388,-439.8811752772599,-306.6515085512622,100248.39595590945,90954.36420034055,0.021345722040169157,0.00029724205673309356,-0.0008264678561502592,72978998252.0,1
2025-01-15 00:00:00+00:00,96534.046875,100697.234375,96501.640625,100504.4921875,57805923627,0.0,0.0,58.94354772702206,95836.82890625001,94687.0270194149,-19.056127696225303,-249.13243238025487,100976.33923379636,90697.31857870366,0.041129999632577796,0.021345722040169157,0.00029724205673309356,53769675818.0,0
2025-01-16 00:00:00+00:00,100505.296875,100781.5859375,97364.4453125,99756.90625,54103781805,0.0,0.0,57.08961143794795,96116.43125000001,94885.8458127712,251.23078496921516,-149.05978891036085,101476.6583718177,90756.20412818232,-0.0074383335632930425,0.041129999632577796,0.021345722040169157,57805923627.0,1
2025-01-17 00:00:00+00:00,100025.765625,105884.2265625,99948.90625,104462.0390625,71888972663,0.0,0.0,64.62993293927178,96581.33671875001,95261.38280295664,835.4692368014657,47.84601623200447,103084.71776530053,90077.95567219949,0.04716598568833419,-0.0074383335632930425,0.041129999632577796,54103781805.0,0
2025-01-18 00:00:00+00:00,104124.953125,104913.203125,102226.6171875,104408.0703125,50445655726,0.0,0.0,64.48995015950256,97125.22890625,95620.07643078186,1279.3796992136195,294.1527528283275,104335.28687015301,89915.170942347,-0.000516635042589142,0.04716598568833419,-0.0074383335632930425,71888972663.0,0
2025-01-19 00:00:00+00:00,104411.2890625,106299.796875,99570.53125,101089.609375,76789928525,0.0,0.0,56.400762388608854,97547.548828125,95834.56791879042,1347.8724402862135,504.89669031990474,104640.75076792258,90454.34688832742,-0.03178356737719257,-0.000516635042589142,0.04716598568833419,50445655726.0,1
2025-01-20 00:00:00+00:00,101083.75,109114.8828125,99471.359375,102016.6640625,126279678351,0.0,0.0,57.986231696295796,97976.92187500001,96077.003061681,1460.1275550549472,695.9428632669133,105060.09965922672,90893.74409077331,0.009170622908047932,-0.03178356737719257,-0.000516635042589142,76789928525.0,1
2025-01-21 00:00:00+00:00,102052.578125,107180.921875,100103.953125,106146.265625,88733878242,0.0,0.0,64.22680090975533,98563.247265625,96471.87610337978,1860.863994061161,928.9270894257629,106316.32336276713,90810.17116848288,0.040479676535688514,0.009170622908047932,-0.03178356737719257,126279678351.0,0
2025-01-22 00:00:00+00:00,106136.3828125,106294.34375,103360.265625,103653.0703125,53878181052,0.0,0.0,58.57035951858853,98901.55703125,96753.49156256096,1954.7374869399791,1134.0891689286061,106932.16167943725,90870.95238306276,-0.023488299826845638,0.040479676535688514,0.009170622908047932,88733878242.0,1
2025-01-23 00:00:00+00:00,103657.671875,106820.328125,101257.8046875,103960.171875,104104515428,0.0,0.0,59.04877399978823,99194.19414062501,97036.10647677425,2030.5070149853127,1313.3727381399476,107523.93311002615,90864.45517122388,0.002962783076025932,-0.023488299826845638,0.040479676535688514,53878181052.0,1
2025-01-24 00:00:00+00:00,103965.671875,107098.546875,102772.125,104819.484375,52388229265,0.0,0.0,60.42585191523089,99523.35703125,97341.33698258703,2135.280069550907,1477.7542044221395,108206.50274835328,90840.21131414671,0.008265785680243276,0.002962783076025932,-0.023488299826845638,104104515428.0,0
2025-01-25 00:00:00+00:00,104824.03125,105243.7890625,104120.375,104714.6484375,23888996502,0.0,0.0,60.16005888088241,99843.34140625,97630.48645140715,2184.670563788328,1619.1374762953774,108806.15731921964,90880.52549328035,-0.0010001569662844156,0.008265785680243276,0.002962783076025932,52388229265.0,0
2025-01-26 00:00:00+00:00,104713.2109375,105438.6484375,102507.7109375,102682.5,22543395879,0.0,0.0,55.10056800854158,99873.562109375,97828.60462978334,2036.3615820508276,1702.5822974464675,108872.10936942618,90875.01484932381,-0.019406534499448846,-0.0010001569662844156,0.008265785680243276,23888996502.0,0
2025-01-27 00:00:00+00:00,102680.3046875,103214.109375,97795.9375,102087.6875,89006608428,0.0,0.0,53.67758129579726,100131.81132812498,97995.62748743889,1849.5092563926592,1731.967689235706,109070.04063680473,91193.58201944524,-0.005792734886665207,-0.019406534499448846,-0.0010001569662844156,22543395879.0,0
2025-01-28 00:00:00+00:00,102095.4140625,103730.8203125,100238.1875,101332.4765625,47180685494,0.0,0.0,51.84678726846621,100446.258984375,98126.48431391187,1621.7932084394852,1709.932793076462,109067.6535089627,91824.8644597873,-0.007397669160641884,-0.005792734886665207,-0.019406534499448846,89006608428.0,1
2025-01-29 00:00:00+00:00,101317.5234375,104750.8046875,101283.8203125,103703.2109375,47432049818,0.0,0.0,56.82504884849843,101007.217578125,98345.1794756212,1614.0196371549246,1690.7501618921547,108874.23608537111,93140.19907087888,0.023395602825692086,-0.007397669160641884,-0.005792734886665207,47180685494.0,1
2025-01-30 00:00:00+00:00,103709.3359375,106418.765625,103321.6484375,104735.3046875,41915744521,0.0,0.0,58.82099678608486,101508.91015624999,98595.77262118508,1671.868111081203,1686.9737517299645,108951.03018832777,94066.7901241722,0.009952379879751394,0.023395602825692086,-0.007397669160641884,47432049818.0,0
2025-01-31 00:00:00+00:00,104737.5625,106026.3515625,101543.8828125,102405.0234375,45732764360,0.0,0.0,52.87725256867277,101900.831640625,98745.15500613861,1512.2469797005906,1652.0283973240898,108591.19671832565,95210.46656292434,-0.022249243050878498,0.009952379879751394,0.023395602825692086,41915744521.0,0
2025-02-01 00:00:00+00:00,102402.796875,102755.7265625,100297.7109375,100655.90625,27757944848,0.0,0.0,48.884315034145885,102209.20507812501,98820.08642746651,1230.4233891066688,1567.7073956806057,107964.18547389377,96454.22468235626,-0.017080384621634526,-0.022249243050878498,0.009952379879751394,45732764360.0,0
2025-02-02 00:00:00+00:00,100661.5390625,101430.6640625,96216.078125,97688.9765625,63091816853,0.0,0.0,42.9585277977698,102367.82773437501,98775.72917785998,758.9213599905488,1405.9501885425943,107353.51121721258,97382.14425153744,-0.02947596219670423,-0.017080384621634526,-0.022249243050878498,27757944848.0,1
2025-02-03 00:00:00+00:00,97681.1015625,102514.171875,91242.890625,101405.421875,115400897748,0.0,0.0,50.9752539470772,102611.396484375,98878.85438166939,677.3308337885683,1260.2263175917892,106811.08695444424,98411.70601430576,0.03804365081173988,-0.02947596219670423,-0.017080384621634526,63091816853.0,0
2025-02-04 00:00:00+00:00,101398.71875,101745.6171875,96208.109375,97871.8203125,73002130211,0.0,0.0,44.5624250253469,102479.762890625,98839.3628495451,323.80501672104583,1072.9420574176406,107101.35156082782,97858.17422042218,-0.034846278405663456,0.03804365081173988,-0.02947596219670423,115400897748.0,0
2025-02-05 00:00:00+00:00,97878.0078125,99113.2109375,96174.828125,96615.4453125,49125911241,0.0,0.0,42.51450148444496,102322.68984374999,98752.15039711197,-57.08763216914667,846.9361195002832,107512.52753017278,97132.8521573272,-0.012836943218062724,-0.034846278405663456,0.03804365081173988,73002130211.0,0
2025-02-06 00:00:00+00:00,96610.640625,99168.609375,95707.3515625,96593.296875,45302471947,0.0,0.0,42.477440943214205,101929.252734375,98667.4894746762,-356.6240542948508,606.2240847412564,107606.38592091511,96252.11954783488,-0.00022924323774897726,-0.012836943218062724,-0.034846278405663456,49125911241.0,0
2025-02-07 00:00:00+00:00,96581.3203125,100154.140625,95653.8828125,96529.0859375,55741290456,0.0,0.0,42.362147863876125,101535.30351562501,98583.630512434,-592.3617355409806,366.5069206848091,107570.37803037927,95500.22900087075,-0.0006647556256734743,-0.00022924323774897726,-0.012836943218062724,45302471947.0,0
2025-02-08 00:00:00+00:00,96533.2578125,96877.8046875,95702.4921875,96482.453125,22447526395,0.0,0.0,42.27241134916253,101304.945703125,98501.2313992013,-774.0259354000154,138.40034946784417,107749.4692902856,94860.42211596441,-0.00048309597099249757,-0.0006647556256734743,-0.00022924323774897726,55741290456.0,1
2025-02-09 00:00:00+00:00,96481.3125,97325.28125,94745.2578125,96500.09375,27732901800,0.0,0.0,42.32218586695959,101029.1171875,98422.75541295811,-906.1273989887268,-70.50520022347004,107808.88402293678,94249.35035206322,0.00018283765004545316,-0.00048309597099249757,-0.0006647556256734743,22447526395.0,1
2025-02-10 00:00:00+00:00,96499.4609375,98333.21875,95320.84375,97437.5546875,40078962391,0.0,0.0,45.03448652750443,100593.68164062499,98384.12009039112,-924.5162498176069,-241.3074101422974,107102.8963701906,94084.46691105937,0.009714611676219231,0.00018283765004545316,-0.00048309597099249757,27732901800.0,0
2025-02-11 00:00:00+00:00,97438.1328125,98492.8984375,94875.0390625,95747.4296875,37488783272,0.0,0.0,41.26675710157222,100198.39960937499,98280.72046674835,-1063.2124577340437,-405.6884196606467,106883.15452189301,93513.64469685697,-0.017345724709743937,0.009714611676219231,0.00018283765004545316,40078962391.0,1
2025-02-12 00:00:00+00:00,95745.6953125,98151.0234375,94101.203125,97885.859375,49340445530,0.0,0.0,47.27704241710787,99894.683984375,98265.23571805234,-989.1742129935446,-522.3855783272263,106409.61101118055,93379.75695756947,0.02233406885677658,-0.017345724709743937,0.009714611676219231,37488783272.0,0
2025-02-13 00:00:00+00:00,97888.75,98111.0859375,95269.7109375,96623.8671875,37147280860,0.0,0.0,44.39006576587626,99484.90312500001,98200.86832469734,-1020.5661420373799,-622.021691069257,105720.56421532934,93249.24203467068,-0.012892487184132717,0.02233406885677658,-0.017345724709743937,49340445530.0,1
2025-02-14 00:00:00+00:00,96623.3671875,98819.46875,96342.8046875,97508.96875,32697987277,0.0,0.0,46.84185920799485,99124.61914062501,98173.73500804254,-962.924182404633,-690.2021893363323,104903.97383947147,93345.26444177856,0.009160278803397981,-0.012892487184132717,0.02233406885677658,37147280860.0,1
2025-02-15 00:00:00+00:00,97508.3828125,97975.0390625,97240.1953125,97580.3515625,17047266288,0.0,0.0,47.04463992496058,98869.51171875001,98150.46506900166,-901.0952525510074,-732.3808019792673,104434.0444924602,93304.97894503982,0.0007320640697474623,0.009160278803397981,-0.012892487184132717,32697987277.0,0
2025-02-16 00:00:00+00:00,97580.4921875,97725.59375,96060.9765625,96175.03125,16536755396,0.0,0.0,43.52452184684349,98573.87890625001,98072.99707609964,-954.4902155995806,-776.80268470333,104046.00373442704,93101.75407807299,-0.014401672980240199,0.0007320640697474623,0.009160278803397981,17047266288.0,0
2025-02-17 00:00:00+00:00,96179.0078125,97032.234375,95243.546875,95773.3828125,27336550690,0.0,0.0,42.544698078311576,98295.92421875,97982.81612458592,-1017.4868259299401,-824.939512948652,103742.74761588412,92849.1008216159,-0.004176223623530095,-0.014401672980240199,0.0007320640697474623,16536755396.0,0
2025-02-18 00:00:00+00:00,95773.8125,96695.375,93388.8359375,95539.546875,37325720482,0.0,0.0,41.95256094416453,97887.741015625,97887.00164421,-1073.9014321610885,-874.7318967911394,102828.4217736209,92947.0602576291,-0.0024415545387781457,-0.004176223623530095,-0.014401672980240199,27336550690.0,1
2025-02-19 00:00:00+00:00,95532.53125,96855.59375,95011.96875,96635.609375,28990872862,0.0,0.0,45.76305112592745,97482.75625,97837.92743757433,-1018.4275318332366,-903.4710237995589,101248.18073495037,93717.33176504965,0.011472343504350446,-0.0024415545387781457,-0.004176223623530095,37325720482.0,1
2025-02-20 00:00:00+00:00,96632.6796875,98767.1953125,96442.671875,98333.9375,31668022771,0.0,0.0,51.11758202102002,97279.201953125,97857.37881257142,-827.8798958859552,-888.3527982168382,100288.47221231583,94269.93169393417,0.017574558032842136,0.011472343504350446,-0.0024415545387781457,28990872862.0,0
2025-02-21 00:00:00+00:00,98340.671875,99497.96875,94852.9609375,96125.546875,49608706470,0.0,0.0,44.90892317604521,97052.683984375,97789.46383462746,-845.3238219000777,-879.7470029534861,99644.86619525679,94460.50177349322,-0.02245807176184722,0.017574558032842136,0.011472343504350446,31668022771.0,1
2025-02-22 00:00:00+00:00,96134.203125,96950.15625,95765.34375,96577.7578125,18353824477,0.0,0.0,46.345998274447524,96997.123046875,97741.94595140677,-813.2835886131215,-866.4543200854132,99579.4980119714,94414.7480817786,0.0047043783073406065,-0.02245807176184722,0.017574558032842136,49608706470.0,0
2025-02-23 00:00:00+00:00,96577.8046875,96671.875,95270.453125,96273.921875,16999478976,0.0,0.0,45.48743479612811,96740.54804687499,97684.37637978299,-803.1502773357206,-853.7935115354746,98293.09732238065,95187.99877136933,-0.0031460239332733453,0.0047043783073406065,-0.02245807176184722,18353824477.0,0
2025-02-24 00:00:00+00:00,96277.9609375,96503.453125,91371.7421875,91418.171875,44046480529,0.0,0.0,34.49069446922617,96417.865625,97438.6428697915,-1173.4116399835038,-917.7171372250806,99186.6721784441,93649.05907155591,-0.05043681513571874,-0.0031460239332733453,0.0047043783073406065,16999478976.0,0
2025-02-25 00:00:00+00:00,91437.1171875,92511.078125,86008.234375,88736.171875,92139104128,0.0,0.0,30.15447344184592,96023.90195312501,97097.36949744674,-1664.0789567020547,-1066.9895011204756,100431.55343089598,91616.25047535404,-0.029337712021491935,-0.05043681513571874,-0.0031460239332733453,44046480529.0,0
2025-02-26 00:00:00+00:00,88638.890625,89286.25,82131.8984375,84347.0234375,64597492134,0.0,0.0,24.684966346520007,95411.58828124999,96597.35592646843,-2379.672553627388,-1329.526111621858,102229.62674737508,88593.5498151249,-0.04946290046952739,-0.029337712021491935,-0.05043681513571874,92139104128.0,1
2025-02-27 00:00:00+00:00,84076.859375,87000.78125,83144.9609375,84704.2265625,52659591954,0.0,0.0,25.863516550557186,94820.34531250002,96130.95869650888,-2884.709195906471,-1640.5627284787806,103120.1773906862,86520.51323431384,0.004234922709094535,-0.04946290046952739,-0.029337712021491935,64597492134.0,0
2025-02-28 00:00:00+00:00,84705.625,85036.3203125,78248.9140625,84373.0078125,83610570576,0.0,0.0,25.465588569343925,94214.873046875,95669.86258341049,-3273.9410045763507,-1967.2383836982947,103688.01052156885,84741.73557218115,-0.003910297790814532,0.004234922709094535,-0.04946290046952739,52659591954.0,1
2025-03-01 00:00:00+00:00,84373.8671875,86522.3046875,83794.234375,86031.9140625,29190628396,0.0,0.0,31.176983862495632,93691.4640625,95291.9038178846,-3409.250430120228,-2255.6407929826814,103770.37408552507,83612.55403947494,0.019661575342751147,-0.003910297790814532,0.004234922709094535,83610570576.0,1
2025-03-02 00:00:00+00:00,86036.2578125,95043.4375,85040.2109375,94248.3515625,58398341092,0.0,0.0,51.1451921616753,93532.00390625,95250.98020002637,-2820.9679238640674,-2368.706219158959,103461.16783285303,83602.83997964697,0.09550452979612856,0.019661575342751147,-0.003910297790814532,29190628396.0,0
2025-03-03 00:00:00+00:00,94248.421875,94429.75,85081.3046875,86065.671875,70072228536,0.0,0.0,39.00720000878781,93047.916015625,94890.77203041749,-2980.6644205424236,-2491.097859435652,103454.85285428252,82640.97917696748,-0.08682040111941614,0.09550452979612856,0.019661575342751147,58398341092.0,1
2025-03-04 00:00:00+00:00,86064.0703125,88911.2734375,81529.2421875,87222.1953125,68095241474,0.0,0.0,41.13363838975573,92514.7328125,94590.04353167563,-2979.5567927771044,-2588.7896461039427,102970.58715277011,82058.8784722299,0.013437685575495406,-0.08682040111941614,0.09550452979612856,70072228536.0,1
2025-03-05 00:00:00+00:00,87222.953125,90998.2421875,86379.7734375,90623.5625,50498988027,0.0,0.0,46.98742508823821,92214.71757812501,94434.49525592366,-2673.399795464953,-2605.7116759761448,102517.34457526484,81912.09058098518,0.03899657851208138,0.013437685575495406,-0.08682040111941614,68095241474.0,0
2025-03-06 00:00:00+00:00,90622.359375,92804.9375,87852.140625,89961.7265625,47749810486,0.0,0.0,46.02829806484331,91837.35546875003,94259.0925620639,-2455.8631367962807,-2575.741968140172,101872.90715960518,81801.80377789488,-0.007303133084179958,0.03899657851208138,0.013437685575495406,50498988027.0,0
2025-03-07 00:00:00+00:00,89963.28125,91191.046875,84717.6796875,86742.671875,65945677657,0.0,0.0,41.58233318532291,91295.47148437503,93964.33096649277,-2514.232075739099,-2563.4399896599575,101194.80103106474,81396.14193768532,-0.0357824911826653,-0.007303133084179958,0.03899657851208138,47749810486.0,0
2025-03-08 00:00:00+00:00,86742.65625,86847.265625,85247.484375,86154.59375,18206118081,0.0,0.0,40.806862002206415,90794.449609375,93658.06676192443,-2578.2227236203325,-2566.3965364520327,100668.20544561767,80920.69377313234,-0.006779571257010009,-0.0357824911826653,-0.007303133084179958,65945677657.0,0
2025-03-09 00:00:00+00:00,86154.3046875,86471.1328125,80052.484375,80601.0390625,30899345977,0.0,0.0,34.30125869203933,90035.83242187502,93146.02645998621,-3041.9949986142456,-2661.5162288844754,100605.78337513276,79465.88146861728,-0.0644603432710168,-0.006779571257010009,-0.0357824911826653,18206118081.0,0
2025-03-10 00:00:00+00:00,80597.1484375,83955.9296875,77420.59375,78532.0,54061099422,0.0,0.0,32.239111043614955,89185.45507812501,92572.92738312401,-3535.7342845939274,-2836.359840026366,100594.3417811029,77776.56837514712,-0.02567012890361897,-0.0644603432710168,-0.006779571257010009,30899345977.0,1
2025-03-11 00:00:00+00:00,78523.875,83577.7578125,76624.25,82862.2109375,54702837196,0.0,0.0,40.32499018178554,88496.78515625001,92192.11497349171,-3536.8438579729554,-2976.456643615684,99672.5681595062,77321.00215299382,0.05513944554449135,-0.02567012890361897,-0.0644603432710168,54061099422.0,1
2025-03-12 00:00:00+00:00,82857.375,84358.578125,80635.25,83722.359375,40353484454,0.0,0.0,41.81038755257601,87766.20625000002,91859.96769511949,-3428.791439161956,-3066.923602724938,98114.01824132154,77418.3942586785,0.010380466895202334,0.05513944554449135,-0.02567012890361897,54702837196.0,0
2025-03-13 00:00:00+00:00,83724.921875,84301.6953125,79931.8515625,81066.703125,31412940153,0.0,0.0,38.6145529102705,87013.26406250002,91436.7024178599,-3516.9076615845406,-3156.920414496859,96984.62399160137,77041.90413339867,-0.0317197970748182,0.010380466895202334,0.05513944554449135,40353484454.0,1
2025-03-14 00:00:00+00:00,81066.9921875,85263.2890625,80797.5625,83969.1015625,29588112414,0.0,0.0,43.68122890352177,86382.83125,91143.85532549284,-3314.3355085072544,-3188.403433298938,95352.03661855329,77413.62588144671,0.03580259620308812,-0.0317197970748182,0.010380466895202334,31412940153.0,1
2025-03-15 00:00:00+00:00,83968.40625,84672.671875,83639.59375,84343.109375,13650491277,0.0,0.0,44.31901194673541,85786.29062500001,90877.15940586568,-3088.019545885356,-3168.326655816222,93482.23816709183,78090.34308290819,0.004454112352525463,0.03580259620308812,-0.0317197970748182,29588112414.0,0
2025-03-16 00:00:00+00:00,84333.3203125,85051.6015625,82017.90625,82579.6875,21330270174,0.0,0.0,41.90916720822757,85344.36640625002,90551.76835073369,-3016.187194305414,-3137.8987635140606,92685.51815290598,78003.21465959406,-0.020907717157540473,0.004454112352525463,0.03580259620308812,13650491277.0,1
2025-03-17 00:00:00+00:00,82576.3359375,84725.328125,82492.15625,84075.6875,25092785558,0.0,0.0,44.65839542774034,85111.3421875,90297.80439580296,-2806.196751394571,-3071.5583610901626,92293.31690046804,77929.36747453197,0.018115835083536647,-0.020907717157540473,0.004454112352525463,21330270174.0,0
2025-03-18 00:00:00+00:00,84075.71875,84075.71875,81179.9921875,82718.5,24095774594,0.0,0.0,42.68475112625321,85029.91601562501,90000.57677243814,-2717.9605439698935,-3000.838797666109,92284.9327169368,77774.89931431322,-0.016142449028442418,0.018115835083536647,-0.020907717157540473,25092785558.0,1
2025-03-19 00:00:00+00:00,82718.8046875,87021.1875,82569.7265625,86854.2265625,34931960257,0.0,0.0,49.944392342217476,85137.41601562503,89877.19048969548,-2287.940193634655,-2858.2590768598184,92435.69887349536,77839.1331577547,0.049997601050550955,-0.016142449028442418,0.018115835083536647,24095774594.0,0
2025-03-20 00:00:00+00:00,86872.953125,87443.265625,83647.1953125,84167.1953125,29028988961,0.0,0.0,45.878466515188485,85127.12539062502,89653.26911019762,-2139.306341450254,-2714.4685297779056,92430.52503983755,77823.72574141249,-0.030937253791171848,0.049997601050550955,-0.016142449028442418,34931960257.0,0
2025-03-21 00:00:00+00:00,84164.5390625,84782.2734375,83171.0703125,84043.2421875,19030452299,0.0,0.0,45.693668123334064,85027.69179687502,89433.26805440556,-2008.3637567878322,-2573.247575179891,92333.37437296823,77722.00922078181,-0.0014727011460912154,-0.030937253791171848,0.049997601050550955,29028988961.0,0
2025-03-22 00:00:00+00:00,84046.2578125,84513.875,83674.78125,83832.484375,9863214091,0.0,0.0,45.35911525733708,84506.89843750001,89213.6294787426,-1899.6986654507346,-2438.53779323406,90391.85123598728,78621.94563901275,-0.0025077306278807887,-0.0014727011460912154,-0.030937253791171848,19030452299.0,1
2025-03-23 00:00:00+00:00,83831.8984375,86094.78125,83794.9140625,86054.375,12594615537,0.0,0.0,49.552565500664244,84506.33359375001,89089.7371462429,-1615.668374056142,-2273.9639093984765,90390.65857928434,78622.00860821568,0.026503933905394295,-0.0025077306278807887,-0.0014727011460912154,9863214091.0,1
2025-03-24 00:00:00+00:00,86070.9296875,88758.7265625,85541.1953125,87498.9140625,34582604933,0.0,0.0,52.12505357254541,84520.16953125001,89027.3519272726,-1259.4914584443613,-2071.0694192076535,90432.61647088177,78607.72259161825,0.016786352378946434,0.026503933905394295,-0.0025077306278807887,12594615537.0,0
2025-03-25 00:00:00+00:00,87512.8203125,88542.3984375,86346.078125,87471.703125,30005840049,0.0,0.0,52.071188075797544,84362.57656250002,88966.34609188937,-968.2529644927417,-1850.5061282646714,89733.24388973862,78991.90923526142,-0.0003109860024155253,0.016786352378946434,0.026503933905394295,34582604933.0,0
2025-03-26 00:00:00+00:00,87460.234375,88292.15625,85861.453125,86900.8828125,26704046038,0.0,0.0,50.88328797483069,84209.53437500002,88885.34753191331,-774.5759589523659,-1635.3200944022105,89057.39663827632,79361.67211172372,-0.00652577110204744,-0.0003109860024155253,0.016786352378946434,30005840049.0,1
2025-03-27 00:00:00+00:00,86896.2578125,87786.7265625,85837.9375,87177.1015625,24413471941,0.0,0.0,51.46034343092122,84231.25585937501,88818.35749389711,-591.9730946805503,-1426.6506944578784,89130.52827470834,79331.98344404169,0.003178549412391707,-0.00652577110204744,-0.0003109860024155253,26704046038.0,0
2025-03-28 00:00:00+00:00,87185.234375,87489.859375,83557.640625,84353.1484375,34198619509,0.0,0.0,45.56620734805814,84141.18359375001,88643.25125639135,-667.434654357261,-1274.807486437755,88957.10023813073,79325.2669493693,-0.032393289916566204,0.003178549412391707,-0.00652577110204744,24413471941.0,0
2025-03-29 00:00:00+00:00,84352.0703125,84567.3359375,81634.140625,82597.5859375,16969396135,0.0,0.0,42.32096915786344,84241.01093750002,88406.16634192503,-858.9957378149993,-1191.6451367132038,88825.14290027742,79656.87897472261,-0.020812056603918605,-0.032393289916566204,0.003178549412391707,34198619509.0,0
2025-03-30 00:00:00+00:00,82596.984375,83505.0,81573.25,82334.5234375,14763760943,0.0,0.0,41.8401034833314,84431.137109375,88168.06269861425,-1020.275125278291,-1157.3711344262213,88273.7429213968,80588.53129735321,-0.0031848691098436133,-0.020812056603918605,-0.032393289916566204,16969396135.0,1
2025-03-31 00:00:00+00:00,82336.0625,83870.125,81293.890625,82548.9140625,29004228247,0.0,0.0,42.41437043296687,84415.47226562501,87947.70392857055,-1117.9041667349666,-1149.4777408879704,88287.45037547698,80543.49415577303,0.0026038970780313253,-0.0031848691098436133,-0.020812056603918605,14763760943.0,1
2025-04-01 00:00:00+00:00,82551.921875,85487.3671875,82429.359375,85169.171875,28175650319,0.0,0.0,49.03750793751261,84487.812890625,87838.74188725406,-972.6310926143051,-1114.1084112332373,88359.32865788246,80616.29712336755,0.0317418810684309,0.0026038970780313253,-0.0031848691098436133,29004228247.0,0
2025-04-02 00:00:00+00:00,85180.609375,88466.953125,82343.5390625,82485.7109375,47584398470,0.0,0.0,43.51738918034018,84558.76328125,87628.81910491077,-1061.794302005641,-1103.645589387718,88212.16124220403,80905.36532029595,-0.031507420800550134,0.0317418810684309,0.0026038970780313253,28175650319.0,1
2025-04-03 00:00:00+00:00,82487.4765625,83909.296875,81282.1015625,83102.828125,36852112080,0.0,0.0,45.04935773252742,84515.449609375,87451.32926256132,-1070.3225758648914,-1096.9809866831529,88218.48616969197,80812.41304905804,0.007481504135517403,-0.031507420800550134,0.0317418810684309,47584398470.0,1
2025-04-04 00:00:00+00:00,83100.25,84696.1484375,81670.75,83843.8046875,45157640207,0.0,0.0,46.91126885024084,84490.484375,87309.85771059814,-1005.6976221835066,-1078.7243137832238,88205.12735932165,80775.84139067835,0.008916382019940938,0.007481504135517403,-0.031507420800550134,36852112080.0,0
2025-04-05 00:00:00+00:00,83844.703125,84207.015625,82377.734375,83504.796875,14380803631,0.0,0.0,46.14096378621627,84536.73984375,87160.63963861391,-970.6479526646581,-1057.1090415595108,88173.42031860669,80900.0593688933,-0.004043325726492686,0.008916382019940938,0.007481504135517403,45157640207.0,0
2025-04-06 00:00:00+00:00,83504.5078125,83704.71875,77097.7421875,78214.484375,36294853736,0.0,0.0,36.16184023695858,84243.6796875,86809.81002043297,-1354.1451010169549,-1116.5162534509996,88851.71667124242,79635.64270375758,-0.06335339642726368,-0.004043325726492686,0.008916382019940938,14380803631.0,1
2025-04-07 00:00:00+00:00,78221.3359375,81119.0625,74436.6796875,79235.3359375,91262424987,0.0,0.0,38.90757787052692,84069.521484375,86512.77182110226,-1557.7385245007463,-1204.7607076609488,89158.46172047818,78980.58124827182,0.013051950296130821,-0.06335339642726368,-0.004043325726492686,36294853736.0,0
2025-04-08 00:00:00+00:00,79218.4765625,80823.890625,76198.0234375,76271.953125,48314590749,0.0,0.0,34.29616431925698,83540.4078125,86111.17108792177,-1935.8922456119908,-1350.9870152511573,89530.9354202836,77549.88020471639,-0.03739976334343409,0.013051950296130821,-0.06335339642726368,91262424987.0,1
2025-04-09 00:00:00+00:00,76273.5625,83541.0,74589.671875,82573.953125,84213627038,0.0,0.0,48.3233247759486,83460.74570312501,85972.45665800328,-1707.381431717804,-1422.2658985444866,89458.5479480287,77462.94345822131,0.0826253916648998,-0.03739976334343409,0.013051950296130821,48314590749.0,0
2025-04-10 00:00:00+00:00,82565.9765625,82700.9296875,78456.1328125,79626.140625,44718000633,0.0,0.0,43.631075262722405,83239.89062500001,85723.58151945414,-1744.0445384193154,-1486.6216265194523,89468.24861665175,77011.53263334828,-0.0356990599146636,0.0826253916648998,-0.03739976334343409,84213627038.0,1
2025-04-11 00:00:00+00:00,79625.046875,84247.4765625,78936.3203125,83404.8359375,41656778779,0.0,0.0,50.29393101362887,83218.508203125,85632.65032016182,-1451.4596593288152,-1479.589233081325,89441.23397221381,76995.7824340362,0.04745546227457886,-0.0356990599146636,0.0826253916648998,44718000633.0,1
2025-04-12 00:00:00+00:00,83404.515625,85856.1875,82769.375,85287.109375,24258059104,0.0,0.0,53.25777644420697,83180.144921875,85619.09969486136,-1055.5327743225498,-1394.7779413295698,89338.38350255594,77021.90634119407,0.022567917271733462,0.04745546227457886,-0.0356990599146636,41656778779.0,0
2025-04-13 00:00:00+00:00,85279.46875,86015.1875,83027.0078125,83684.9765625,28796984817,0.0,0.0,50.4977174469748,82989.448046875,85543.2517288864,-861.1102508923068,-1288.0444032421171,88811.62558510089,77167.2705086491,-0.01878516957885823,0.022567917271733462,0.04745546227457886,24258059104.0,1
2025-04-14 00:00:00+00:00,83694.5234375,85785.0,83690.640625,84542.390625,34090769777,0.0,0.0,51.933390646540836,82842.982421875,85504.00227383204,-630.5739867986122,-1156.5503199534162,88328.01075440075,77357.95408934925,0.010245734631468162,-0.01878516957885823,0.022567917271733462,28796984817.0,0
2025-04-15 00:00:00+00:00,84539.6953125,86429.3515625,83598.8203125,83668.9921875,28040322885,0.0,0.0,50.332058031964664,82681.387890625,85432.04109397589,-512.4411881577107,-1027.7284935942753,87844.00199371931,77518.77378753069,-0.01033089354397465,0.010245734631468162,-0.01878516957885823,34090769777.0,1
2025-04-16 00:00:00+00:00,83674.5078125,85428.28125,83100.6171875,84033.8671875,29617804112,0.0,0.0,51.01164355868813,82524.22617187501,85377.21074470233,-384.94037796146586,-899.1708704677135,87286.4357100302,77762.01663371982,0.004360934564412222,-0.01033089354397465,0.010245734631468162,28040322885.0,1
2025-04-17 00:00:00+00:00,84030.671875,85449.0703125,83749.75,84895.75,21276866029,0.0,0.0,52.65939080251456,82551.35625000001,85358.32993118459,-211.90561139221245,-761.7178186526133,87363.35848773939,77739.35401226064,0.01025637449930672,0.004360934564412222,-0.01033089354397465,29617804112.0,0
2025-04-18 00:00:00+00:00,84900.1875,85095.046875,84298.8828125,84450.8046875,12728372364,0.0,0.0,51.69273833787458,82644.01718750001,85322.74070594207,-109.41639628646953,-631.2575341793846,87530.56224816325,77757.47212683677,-0.005241078764249063,0.01025637449930672,0.004360934564412222,21276866029.0,1
2025-04-19 00:00:00+00:00,84450.8671875,85597.703125,84353.4609375,85063.4140625,15259300427,0.0,0.0,52.97272668786456,82780.46171875001,85312.57103365022,20.99745624694333,-500.80653609411905,87781.66968119686,77779.25375630317,0.007254038339443714,-0.005241078764249063,0.01025637449930672,12728372364.0,1
2025-04-20 00:00:00+00:00,85066.0703125,85306.3828125,83976.84375,85174.3046875,14664050812,0.0,0.0,53.214385043070955,82911.73125000001,85307.14882399727,131.78024006944906,-374.2891808614055,88023.93792551335,77799.52457448667,0.0013036230231544543,0.007254038339443714,-0.005241078764249063,15259300427.0,1
2025-04-21 00:00:00+00:00,85171.5390625,88460.09375,85143.8359375,87518.90625,41396190190,0.0,0.0,58.115190502727536,83029.21796875002,85393.88440933071,404.1078421803104,-218.6097762530623,88458.06066632082,77600.37527117922,0.027527099529631727,0.0013036230231544543,0.007254038339443714,14664050812.0,1
2025-04-22 00:00:00+00:00,87521.875,93817.3828125,87084.53125,93441.890625,55899038456,0.0,0.0,67.40425956950655,83577.02695312501,85709.49249621971,1085.3534880827792,42.18287661410599,90716.5395445095,76437.51436174051,0.06767662701452015,0.027527099529631727,0.0013036230231544543,41396190190.0,1
2025-04-23 00:00:00+00:00,93427.5859375,94535.734375,91962.9609375,93699.109375,41719568821,0.0,0.0,67.73887188184167,84106.84101562502,86022.81080519149,1627.2431281706522,359.19492692541525,92551.55495752205,75662.12707372798,0.0027527134594511615,0.06767662701452015,0.027527099529631727,55899038456.0,1
2025-04-24 00:00:00+00:00,93692.3984375,94016.1953125,91696.7109375,93943.796875,31483175315,0.0,0.0,68.07461800956247,84611.84062500001,86333.43770988987,2052.7756880324305,697.9110791468183,94130.06347739417,75093.61777260585,0.0026114175645013393,0.0027527134594511615,0.06767662701452015,41719568821.0,1
2025-04-25 00:00:00+00:00,93954.25,95768.390625,92898.59375,94720.5,40915232364,0.0,0.0,69.17138270267758,85172.62578125,86662.3421134236,2424.735912277043,1043.2760457728632,95685.81087064267,74659.44069185732,0.008267742531563593,0.0026114175645013393,0.0027527134594511615,31483175315.0,0
2025-04-26 00:00:00+00:00,94714.6484375,95251.359375,93927.25,94646.9296875,17612825123,0.0,0.0,68.92982728586607,85994.24804687501,86975.46319475993,2682.6565654627047,1371.1521497108315,96782.63340159677,75205.86269215326,-0.0007767095032226168,0.008267742531563593,0.0026114175645013393,40915232364.0,0
2025-04-27 00:00:00+00:00,94660.90625,95301.203125,93665.3984375,93754.84375,18090367764,0.0,0.0,65.92361189663849,86720.2234375,87241.32125574975,2782.996015930519,1653.520922954769,97547.5973775468,75892.8494974532,-0.00942540809771053,-0.0007767095032226168,0.008267742531563593,17612825123.0,1
2025-04-28 00:00:00+00:00,93755.3046875,95598.4921875,92860.8046875,94978.75,32363449569,0.0,0.0,67.98648452570828,87655.56328125,87544.74983395563,2927.5280381952616,1908.3223460028676,97898.83395107789,77412.2926114221,0.013054325526514532,-0.00942540809771053,-0.0007767095032226168,18090367764.0,0
2025-04-29 00:00:00+00:00,94981.859375,95485.4140625,93796.6328125,94284.7890625,25806129921,0.0,0.0,65.56295167448918,88241.105078125,87809.06509782012,2952.0445274260856,2117.066782287511,98599.50883987042,77882.70131637956,-0.007306486319308303,0.013054325526514532,-0.00942540809771053,32363449569.0,0
2025-04-30 00:00:00+00:00,94286.46875,95249.3203125,92979.640625,94207.3125,28344679831,0.0,0.0,65.28315184746626,88970.16367187501,88059.9767606507,2931.430603433997,2279.939546516808,98815.34416679831,79124.9831769517,-0.0008217291810309613,-0.007306486319308303,0.013054325526514532,25806129921.0,1
2025-05-01 00:00:00+00:00,94212.859375,97437.9609375,94153.6328125,96492.3359375,32875889623,0.0,0.0,69.4272366801767,89624.53867187501,88390.657512684,3064.1545485577662,2436.782546925,99650.31671107732,79598.7606326727,0.02425526614507767,-0.0008217291810309613,-0.007306486319308303,28344679831.0,1
2025-05-02 00:00:00+00:00,96494.96875,97905.8984375,96375.9453125,96910.0703125,26421924677,0.0,0.0,70.12922372172918,90205.68671875,88724.75213228464,3166.5449451811437,2582.735026576229,100516.26470517625,79895.10873232376,0.0043291974532626565,0.02425526614507767,-0.0008217291810309613,32875889623.0,0
2025-05-03 00:00:00+00:00,96904.6328125,96943.8828125,95821.2890625,95891.796875,15775154889,0.0,0.0,66.142432894764,90816.02773437499,89005.81271043034,3129.449569228731,2692.0779351067295,100944.93324107573,80687.12222767425,-0.010507405827035687,0.0043291974532626565,0.02425526614507767,26421924677.0,0
2025-05-04 00:00:00+00:00,95877.1875,96318.921875,94173.4296875,94315.9765625,18198688416,0.0,0.0,60.41817749955154,91304.70703124999,89214.05443011936,2939.016533861679,2741.4656548577195,101096.6470276576,81512.76703484237,-0.016433317174712747,-0.010507405827035687,0.0043291974532626565,15775154889.0,1
2025-05-05 00:00:00+00:00,94319.5625,95193.1875,93566.265625,94748.0546875,25816260327,0.0,0.0,61.40449299441177,91858.66015625,89431.07404805586,2790.791567020133,2751.3308372902025,101067.9820108849,82649.3383016151,0.0045811763897039,-0.016433317174712747,-0.010507405827035687,18198688416.0,1
2025-05-06 00:00:00+00:00,94748.3828125,96889.1796875,93399.859375,96802.4765625,26551275827,0.0,0.0,65.77182177830548,92497.090625,89720.14865646543,2806.742508189651,2762.4131714700925,101177.58550832201,83816.59574167799,0.02168299794413664,0.0045811763897039,-0.016433317174712747,25816260327.0,1
2025-05-07 00:00:00+00:00,96800.1953125,97625.8046875,95829.3359375,97032.3203125,76983822462,0.0,0.0,66.23219465067214,93103.919140625,90006.90048611385,2805.589128670719,2771.048362910218,101225.8883251807,84981.94995606931,0.0023743581586117557,0.02168299794413664,0.0045811763897039,26551275827.0,1
2025-05-08 00:00:00+00:00,97034.25,103969.5390625,96913.875,103241.4609375,69895404397,0.0,0.0,75.7293073436276,94043.451953125,90525.90285675645,3268.029019319176,2870.44449419201,102297.05400116074,85789.84990508926,0.06399043746457878,0.0023743581586117557,0.02168299794413664,76983822462.0,0
2025-05-09 00:00:00+00:00,103239.125,104297.4921875,102343.09375,102970.8515625,58198593958,0.0,0.0,74.74267932741895,94938.82382812498,91013.94006090326,3571.509906359206,3010.6575766254496,102972.99839382208,86904.64926242788,-0.002621130818400763,0.06399043746457878,0.0023743581586117557,69895404397.0,1
2025-05-10 00:00:00+00:00,102973.7109375,104961.765625,102830.484375,104696.328125,42276713994,0.0,0.0,76.8167111468162,95914.92499999999,91550.50429871098,3906.223718497582,3189.7708049998764,103693.57866004102,88136.27133995896,0.016756941758927724,-0.002621130818400763,0.06399043746457878,58198593958.0,0
2025-05-11 00:00:00+00:00,104701.0703125,104937.9921875,103364.7421875,104106.359375,46285517406,0.0,0.0,74.56220458284773,96744.29765624998,92042.89077229094,4076.8854805034644,3367.1937401005944,104287.29282897052,89201.30248352945,-0.005635047193781384,0.016756941758927724,-0.002621130818400763,42276713994.0,0
2025-05-12 00:00:00+00:00,104106.9609375,105747.453125,100814.40625,102812.953125,63250475404,0.0,0.0,69.73040811141088,97212.85078125,92465.2461586717,4060.9568982516357,3505.946371730803,105050.56705999369,89375.13450250632,-0.01242389281274392,-0.005635047193781384,0.016756941758927724,46285517406.0,1
2025-05-13 00:00:00+00:00,102812.4921875,104997.421875,101515.09375,104169.8125,52608876410,0.0,0.0,71.79529391403246,97736.3859375,92924.24876029241,4110.438023003022,3626.8447019852474,105974.45788494345,89498.31399005656,0.013197358248725033,-0.01242389281274392,-0.005635047193781384,63250475404.0,0
2025-05-14 00:00:00+00:00,104167.328125,104303.5625,102618.296875,103539.4140625,45956071155,0.0,0.0,69.42569585331543,98216.16679687501,93340.52975253585,4052.074492987682,3711.8906601857343,106639.8214589817,89792.51213476832,-0.006051642240404331,0.013197358248725033,-0.01242389281274392,52608876410.0,1
2025-05-15 00:00:00+00:00,103538.828125,104153.6171875,101440.8125,103744.640625,50408241840,0.0,0.0,69.77543312696295,98667.37382812501,93748.53410047562,3976.5419431980263,3764.820916788193,107267.53148491797,90067.21617133205,0.00198211052629782,-0.006051642240404331,0.013197358248725033,45956071155.0,0
2025-05-16 00:00:00+00:00,103735.65625,104533.484375,103137.4765625,103489.2890625,44386499364,0.0,0.0,68.72208650296932,99109.491796875,94130.52449114325,3851.677377058586,3782.1922088422716,107748.45384651507,90470.52974723492,-0.0024613470244020386,0.00198211052629782,-0.006051642240404331,50408241840.0,0
2025-05-17 00:00:00+00:00,103489.2890625,103716.9453125,102659.1796875,103191.0859375,37898552742,0.0,0.0,67.44165792475336,99581.30390624999,94485.84062629449,3686.1669705156237,3762.987161176942,108017.25993223468,91145.3478802653,-0.0028814878109744146,-0.0024613470244020386,0.00198211052629782,44386499364.0,1
2025-05-18 00:00:00+00:00,103186.953125,106597.171875,103142.6015625,106446.0078125,49887082058,0.0,0.0,73.29125072538343,100154.66679687498,94954.86679045942,3774.137861736759,3765.217301288906,108828.90195523821,91480.43163851176,0.03154266519659865,-0.0028814878109744146,-0.0024613470244020386,37898552742.0,0
2025-05-19 00:00:00+00:00,106430.53125,107068.71875,102112.6875,105606.1796875,61761126647,0.0,0.0,69.80633164228031,100720.73632812499,95372.5653354414,3733.055970394489,3758.785035110023,109258.65204707164,92182.82060917834,-0.007889709931436006,0.03154266519659865,-0.0028814878109744146,49887082058.0,1
2025-05-20 00:00:00+00:00,105605.40625,107307.1171875,104206.515625,106791.0859375,36515726122,0.0,0.0,71.84074843590132,101349.92499999999,95820.35045709075,3752.849790905326,3757.597986269084,109719.83237082814,92980.01762917184,0.011220046530480143,-0.007889709931436006,0.03154266519659865,61761126647.0,1
2025-05-21 00:00:00+00:00,106791.3125,110724.4609375,106127.234375,109678.078125,78086364051,0.0,0.0,76.07123763170786,102009.21210937499,96363.79075779307,3955.891622035968,3797.2567134224605,110833.00390385668,93185.4203148933,0.027034018449719976,0.011220046530480143,-0.007889709931436006,36515726122.0,1
2025-05-22 00:00:00+00:00,109673.4921875,111970.171875,109285.0703125,111673.28125,70157575642,0.0,0.0,78.47772631358043,102747.37265625,96964.16293395805,4229.05009660231,3883.6153900584304,112221.18196273841,93273.56334976158,0.018191448638679386,0.027034018449719976,0.011220046530480143,78086364051.0,0
2025-05-23 00:00:00+00:00,111679.359375,111798.90625,106841.3046875,107287.796875,67548133399,0.0,0.0,63.38787629191734,103317.17265625,97369.01132380283,4045.0296339793276,3915.8982388426098,112418.35985675306,94215.98545574694,-0.03927066820202352,0.018191448638679386,0.027034018449719976,70157575642.0,1
2025-05-24 00:00:00+00:00,107278.5078125,109454.5234375,106895.2890625,107791.15625,45903627163,0.0,0.0,64.23785366432107,103990.931640625,97777.72288953606,3894.9108782606927,3911.700766726227,112241.81503673331,95740.04824451669,0.004691674073487251,-0.03927066820202352,0.018191448638679386,67548133399.0,1
2025-05-25 00:00:00+00:00,107802.2734375,109313.3046875,106683.375,109035.390625,47518041841,0.0,0.0,66.31933182790459,104705.29843750002,98219.2000556327,3832.165183572186,3895.793650095419,112005.99066915957,97404.60620584048,0.011543009819045436,0.004691674073487251,-0.03927066820202352,45903627163.0,1
2025-05-26 00:00:00+00:00,109023.78125,110376.8828125,108735.640625,109440.3671875,45950461571,0.0,0.0,66.99272746721832,105337.19296875001,98659.24582550985,3771.639875812558,3870.9628952388466,111909.15858112264,98765.22735637738,0.003714175371671846,0.011543009819045436,0.004691674073487251,47518041841.0,0
2025-05-27 00:00:00+00:00,109440.40625,110744.2109375,107609.5546875,108994.640625,57450176272,0.0,0.0,65.44188142019861,105935.308984375,99064.55542548985,3645.681576988776,3825.906631588833,111410.74956183638,100459.86840691364,-0.004072780217708405,0.003714175371671846,0.011543009819045436,45950461571.0,0
2025-05-28 00:00:00+00:00,108992.171875,109298.2890625,106812.9296875,107802.328125,49155377493,0.0,0.0,61.350540359881315,106163.35234375,99407.21317841181,3410.3368234717054,3742.7926699654076,111545.50614671053,100781.19854078947,-0.010939184653144474,-0.004072780217708405,0.003714175371671846,57450176272.0,0
2025-05-29 00:00:00+00:00,107795.5703125,108910.046875,105374.3984375,105641.7578125,56022752042,0.0,0.0,54.679447086316465,106296.89765625,99651.70512484665,3014.732483696527,3597.180632711632,111474.16203266926,101119.63327983074,-0.020041963379443528,-0.010939184653144474,-0.004072780217708405,49155377493.0,0
2025-05-30 00:00:00+00:00,105646.2109375,106308.9453125,103685.7890625,103998.5703125,57655287183,0.0,0.0,50.2079352561938,106262.009765625,99822.17042632325,2539.3496535741433,3385.614436884134,111493.8044253506,101030.2151058994,-0.015554336978341854,-0.020041963379443528,-0.010939184653144474,56022752042.0,1
2025-05-31 00:00:00+00:00,103994.71875,104927.1015625,103136.1171875,104638.09375,38997843858,0.0,0.0,51.85802732887155,106288.59648437501,100011.03016450665,2188.9763753748557,3146.2868245822783,111479.51153430816,101097.68143444187,0.006149348357177731,-0.015554336978341854,-0.020041963379443528,57655287183.0,1
2025-06-01 00:00:00+00:00,104637.296875,105884.546875,103826.953125,105652.1015625,37397056873,0.0,0.0,54.43634326359075,106430.55390625,100232.24865070247,1970.4113091175677,2911.1117214893366,111370.4790355719,101490.6287769281,0.009690618169351017,0.006149348357177731,-0.015554336978341854,38997843858.0,1
2025-06-02 00:00:00+00:00,105649.8125,105958.3125,103727.546875,105881.53125,45819706290,0.0,0.0,55.023282313677576,106516.13984375,100453.78914479256,1795.0181261910038,2687.8930024296706,111349.3051237468,101682.9745637532,0.0021715582000447764,0.009690618169351017,0.006149348357177731,37397056873.0,0
2025-06-03 00:00:00+00:00,105888.4765625,106813.578125,104920.84375,105432.46875,46196508367,0.0,0.0,53.56873554990352,106610.79257812502,100649.03148225168,1601.3231181865413,2470.579025581045,111269.49864024973,101952.08651600032,-0.004241178746647534,0.0021715582000447764,0.009690618169351017,45819706290.0,0
2025-06-04 00:00:00+00:00,105434.3671875,105997.6953125,104232.703125,104731.984375,44544857105,0.0,0.0,51.29102306578705,106660.159765625,100809.1472819673,1375.4399780897656,2251.5512160827893,111210.6525367378,102109.66699451218,-0.0066439151364365845,-0.004241178746647534,0.0021715582000447764,46196508367.0,0
2025-06-05 00:00:00+00:00,104750.78125,105936.6875,100436.8828125,101575.953125,57479298400,0.0,0.0,42.51902830464535,106564.49296875,100839.21809934113,931.0283016254543,1987.4466331913222,111462.82500737434,101666.16093012565,-0.030134359325224014,-0.0066439151364365845,-0.004241178746647534,44544857105.0,1
2025-06-06 00:00:00+00:00,101574.3671875,105376.7734375,101169.5703125,104390.34375,48856653697,0.0,0.0,50.62799521671772,106624.455859375,100978.47792877874,796.7422995337402,1749.305766459806,111376.07626940416,101872.83544934583,0.027707252931573167,-0.030134359325224014,-0.0066439151364365845,57479298400.0,1
2025-06-07 00:00:00+00:00,104390.6484375,105972.7578125,103987.3125,105615.625,38365033776,0.0,0.0,53.6909685825606,106582.93671874999,101160.32683353253,780.1960181281611,1555.4838167934772,111355.58748152888,101810.28595597109,0.011737496074678777,0.027707252931573167,-0.030134359325224014,48856653697.0,1
2025-06-08 00:00:00+00:00,105617.5078125,106497.0625,105075.328125,105793.6484375,36626232328,0.0,0.0,54.1361723523268,106592.31015625,101342.02571996262,772.5425844841666,1398.895570331615,111357.61441356258,101827.00589893741,0.0016855786016509722,0.011737496074678777,0.027707252931573167,38365033776.0,1
2025-06-09 00:00:00+00:00,105793.0234375,110561.421875,105400.234375,110294.1015625,55903193732,0.0,0.0,63.650104426093165,106767.46093749999,101693.08751770918,1116.7529061649693,1342.467037498286,111812.80864422508,101722.11323077489,0.04253991795791734,0.0016855786016509722,0.011737496074678777,36626232328.0,0
2025-06-10 00:00:00+00:00,110295.6875,110380.125,108367.7109375,110257.234375,54700101509,0.0,0.0,63.53383560390817,106796.41875,102028.93641407354,1370.7658565568854,1348.1268013100057,111918.17501073211,101674.66248926788,-0.0003342625487465778,0.04253991795791734,0.0016855786016509722,55903193732.0,0
2025-06-11 00:00:00+00:00,110261.796875,110384.21875,108086.328125,108686.625,50842662052,0.0,0.0,58.621020827367026,106647.0859375,102290.02224097261,1428.8668122023228,1364.2748034884692,111325.07302640921,101969.09884859079,-0.014244955298426398,-0.0003342625487465778,0.04253991795791734,54700101509.0,0
2025-06-12 00:00:00+00:00,108685.9140625,108780.6953125,105785.6875,105929.0546875,54843867968,0.0,0.0,51.14348163242127,106579.148828125,102432.7293957384,1238.1270025262202,1339.0452432960194,111257.42279172686,101900.87486452315,-0.025371753999169577,-0.014244955298426398,-0.0003342625487465778,50842662052.0,1
2025-06-13 00:00:00+00:00,105924.59375,106182.546875,102822.0234375,106090.96875,69550440846,0.0,0.0,51.53439597858361,106494.13945312501,102576.18976257219,1087.4934927796712,1288.7348931927497,111141.36840661381,101846.91049963621,0.0015285141831733462,-0.025371753999169577,-0.014244955298426398,54843867968.0,0
2025-06-14 00:00:00+00:00,106108.0859375,106203.7578125,104379.3671875,105472.40625,38007870453,0.0,0.0,49.892015244919094,106315.990234375,102689.76687972623,907.738680382492,1212.5356506306982,110824.12881234063,101807.85165640937,-0.0058304915798971235,0.0015285141831733462,-0.025371753999169577,69550440846.0,1
2025-06-15 00:00:00+00:00,105464.84375,106157.1015625,104519.8828125,105552.0234375,36744307742,0.0,0.0,50.11239779794633,106121.573046875,102802.01223493303,762.9117661922937,1122.6108737430175,110391.46006366634,101851.68603008366,0.0007548627203146641,-0.0058304915798971235,0.0015285141831733462,38007870453.0,1
2025-06-16 00:00:00+00:00,105555.59375,108915.375,104997.625,106796.7578125,50366626945,0.0,0.0,53.5518791299613,106011.67890624999,102958.66892424939,740.0442848046223,1046.0975559553385,110078.52857575458,101944.8292367454,0.011792615001237072,0.0007548627203146641,-0.0058304915798971235,36744307742.0,0
2025-06-17 00:00:00+00:00,106794.1171875,107750.1953125,103396.53125,104601.1171875,55964092176,0.0,0.0,47.35042588867516,105851.618359375,103023.07866006314,538.5437947167666,944.5868037076242,109873.46362263508,101829.77309611492,-0.020559056941174436,0.011792615001237072,0.0007548627203146641,50366626945.0,1
2025-06-18 00:00:00+00:00,104602.0703125,105581.8515625,103602.265625,104883.328125,47318089133,0.0,0.0,48.18105018982243,105813.69687500001,103096.02961947244,397.04834257140465,835.0791114803803,109858.1126620209,101769.28108797912,0.0026979724986506692,-0.020559056941174436,0.011792615001237072,55964092176.0,0
2025-06-19 00:00:00+00:00,104886.7734375,105250.890625,103940.7734375,104684.2890625,37333806920,0.0,0.0,47.61054177667004,105847.9828125,103158.31430351274,265.7875549353339,721.220800171371,109838.8813417401,101857.08428325992,-0.0018977187896134229,0.0026979724986506692,-0.020559056941174436,47318089133.0,0
2025-06-20 00:00:00+00:00,104681.03125,106539.3828125,102372.2109375,103309.6015625,50951862476,0.0,0.0,43.756807472408774,105781.55820312501,103164.24713719852,50.25730758586724,587.0281016542704,109899.44833325011,101663.6680729999,-0.013131746055793259,-0.0018977187896134229,0.0026979724986506692,37333806920.0,0
2025-06-21 00:00:00+00:00,103315.078125,104015.78125,100973.0625,102257.40625,38360555118,0.0,0.0,41.019957955886625,105611.8234375,103128.68474946523,-203.11396307351242,428.99968870871385,110021.68155651235,101201.96531848765,-0.010184874363913243,-0.013131746055793259,-0.0018977187896134229,50951862476.0,0
2025-06-22 00:00:00+00:00,102212.03125,103351.6328125,98286.203125,100987.140625,65536997201,0.0,0.0,37.93513797627283,105367.10390624999,103044.70262693719,-500.64125959499506,243.0714990479721,110233.52433121052,100500.68348128947,-0.012422235919953284,-0.010184874363913243,-0.013131746055793259,38360555118.0,1
2025-06-23 00:00:00+00:00,100987.4765625,106116.859375,99705.75,105577.7734375,65237759656,0.0,0.0,51.987557541026355,105374.369140625,103144.03873715534,-361.8370509198576,122.0897890544062,110241.63423760296,100507.10404364704,0.04545759771084712,-0.012422235919953284,-0.010184874363913243,65536997201.0,1
2025-06-24 00:00:00+00:00,105571.515625,106316.828125,104740.2421875,106045.6328125,48822986421,0.0,0.0,53.15175357757961,105440.0515625,103257.82674011003,-211.64170023796032,55.3434911959329,110306.27096092072,100573.83216407927,0.004431419225533917,0.04545759771084712,-0.012422235919953284,65237759656.0,1
2025-06-25 00:00:00+00:00,106047.40625,108168.3984375,105881.390625,107361.2578125,51624120283,0.0,0.0,56.3564978108833,105729.316796875,103418.74560569396,13.394733489869395,46.9537396547202,110307.68061777335,101150.95297597666,0.012406215749838134,0.004431419225533917,0.04545759771084712,48822986421.0,0
2025-06-26 00:00:00+00:00,107375.0703125,108305.546875,106666.3515625,106960.0,43891990613,0.0,0.0,55.11807165060199,105857.79960937501,103557.6183270393,157.54351295197557,69.07169431417128,110422.15344563969,101293.44577311033,-0.003737454466123835,0.012406215749838134,0.004431419225533917,51624120283.0,1
2025-06-27 00:00:00+00:00,106954.921875,107772.46875,106449.9921875,107088.4296875,45353692675,0.0,0.0,55.45547320447276,105931.43984375,103696.0815176456,278.9303264855116,111.04342074843936,110526.76108887127,101336.11859862875,0.0012007263229245613,-0.003737454466123835,0.012406215749838134,43891990613.0,1
2025-06-28 00:00:00+00:00,107090.546875,107567.8828125,106883.9765625,107327.703125,30037708335,0.0,0.0,56.11735751766448,106008.142578125,103838.49805126734,389.94260188659246,166.82325697606998,110644.8051910184,101371.4799652316,0.002234353778444831,0.0012007263229245613,-0.003737454466123835,45353692675.0,1
2025-06-29 00:00:00+00:00,107327.8203125,108526.3046875,107230.109375,108385.5703125,35534874438,0.0,0.0,59.01680278870412,105912.716015625,104016.81461053136,556.8625066665118,244.83110691415834,110246.64906643733,101578.78296481268,0.009856422495764683,0.002234353778444831,0.0012007263229245613,30037708335.0,0
2025-06-30 00:00:00+00:00,108383.4375,108798.7890625,106759.6484375,107135.3359375,42064804590,0.0,0.0,54.43880382239034,105756.62109375001,104139.10956453014,581.5604020733736,312.17696594600136,109632.36976106995,101880.87242643008,-0.011535062936840146,0.009856422495764683,0.002234353778444831,35534874438.0,0
2025-07-01 00:00:00+00:00,107144.3828125,107550.6796875,105270.2265625,105698.28125,44110692247,0.0,0.0,49.66948643027902,105607.20390625001,104200.25355219562,479.6462948898843,345.67083173477795,109229.46700972911,101984.94080277091,-0.013413452013053329,-0.011535062936840146,0.009856422495764683,42064804590.0,1
2025-07-02 00:00:00+00:00,105703.1015625,109763.65625,105157.3984375,108859.3203125,56248657737,0.0,0.0,58.31958301566492,105753.7171875,104382.96205259972,646.4956655308779,405.83579849399797,109656.94399885493,101850.49037614508,0.02990624847553991,-0.013413452013053329,-0.011535062936840146,44110692247.0,1
2025-07-03 00:00:00+00:00,108845.015625,110541.4609375,108605.796875,109647.9765625,50494742270,0.0,0.0,60.15933282851365,105931.56757812502,104589.43320985071,832.7633842321375,491.2213156416259,110205.99594996945,101657.13920628058,0.007244728772290987,0.02990624847553991,-0.013413452013053329,56248657737.0,0
2025-07-04 00:00:00+00:00,109635.65625,109751.984375,107296.3828125,108034.3359375,42616442656,0.0,0.0,54.82691384398358,106059.66406250001,104724.52743446441,840.4859813999792,561.0742487932966,110428.66097291787,101690.66715208215,-0.014716556343200904,0.007244728772290987,0.02990624847553991,50494742270.0,1
2025-07-05 00:00:00+00:00,108015.8359375,108381.34375,107842.2734375,108231.1796875,30615537520,0.0,0.0,55.3468770192696,106193.62187500003,104862.04320909327,852.6608967719512,619.3915783890276,110660.28255421152,101726.96119578854,0.0018220480395592098,-0.014716556343200904,0.007244728772290987,42616442656.0,1
2025-07-06 00:00:00+00:00,108231.1875,109731.625,107847.015625,109232.0703125,36746020463,0.0,0.0,57.99445708374352,106315.38750000001,105033.41682099158,932.3258416158205,681.9784310343862,110979.68374205603,101651.09125794399,0.009247710575546852,0.0018220480395592098,-0.014716556343200904,30615537520.0,0
2025-07-07 00:00:00+00:00,109235.328125,109710.25,107527.0546875,108299.8515625,45415696597,0.0,0.0,54.739013834986466,106500.32421875001,105161.51230105074,909.7515722870594,727.5330592849208,111171.73165733615,101828.91678016388,-0.008534295352390808,0.009247710575546852,0.0018220480395592098,36746020463.0,1
2025-07-08 00:00:00+00:00,108298.2265625,109198.96875,107499.5546875,108950.2734375,44282204127,0.0,0.0,56.57077039582691,106703.67148437502,105310.09116914679,933.5831453510036,768.7430764981374,111432.42558802145,101974.9173807286,0.006005750382996888,-0.008534295352390808,0.009247710575546852,45415696597.0,1
2025-07-09 00:00:00+00:00,108950.2734375,111925.375,108357.6796875,111326.5546875,57927418065,0.0,0.0,62.53621457658768,107035.78476562501,105546.03091496458,1131.1763790011028,841.2297369987305,112089.2350123768,101982.33451887322,0.021810695604753683,0.006005750382996888,-0.008534295352390808,44282204127.0,1
2025-07-10 00:00:00+00:00,111329.1953125,116608.78125,110660.75,115987.203125,95911605728,0.0,0.0,70.96125044688112,107669.66484375,105955.48864869146,1644.884612584472,1001.9607121158789,113817.14746837485,101522.18221912514,0.041864660687494615,0.021810695604753683,0.006005750382996888,57927418065.0,1
2025-07-11 00:00:00+00:00,115986.234375,118856.4765625,115245.6875,117516.9921875,86928361085,0.0,0.0,73.09964574613801,108432.644140625,106408.88094433102,2150.651904707265,1231.698950634156,115474.53969920792,101390.74858204207,0.013189291760499877,0.041864660687494615,0.021810695604753683,95911605728.0,0
2025-07-12 00:00:00+00:00,117530.7109375,118219.8984375,116977.0234375,117435.2265625,45524560304,0.0,0.0,72.79110517028933,109255.0484375,106841.28665484746,2515.876862584584,1488.5345330242417,116475.31790523052,102034.77896976947,-0.0006957770402219454,0.013189291760499877,0.041864660687494615,86928361085.0,1
2025-07-13 00:00:00+00:00,117432.203125,119449.5703125,117265.4375,119116.1171875,49021091807,0.0,0.0,75.11632937499274,109931.965625,107322.65255808872,2907.438952231081,1772.3154168656097,118167.73320215665,101696.19804784334,0.014313342548076147,-0.0006957770402219454,0.013189291760499877,45524560304.0,1
2025-07-14 00:00:00+00:00,119115.7890625,123091.609375,118959.1953125,119849.703125,181746419401,0.0,0.0,76.0771941547106,110622.16914062499,107813.90944306564,3239.6048356893734,2065.7733006303624,119751.79342018592,101492.54486106406,0.006158578325259345,0.014313342548076147,-0.0006957770402219454,49021091807.0,0
2025-07-15 00:00:00+00:00,119853.8515625,119935.5625,115765.6875,117777.1875,98321661181,0.0,0.0,68.07899084711525,111142.96562500001,108204.62622961208,3297.601306083321,2312.138901720954,120669.09426959592,101616.8369804041,-0.01729262210051885,0.006158578325259345,0.014313342548076147,181746419401.0,1
2025-07-16 00:00:00+00:00,117777.1875,120065.515625,117064.8203125,118738.5078125,72162029070,0.0,0.0,69.67171579464926,111731.891015625,108617.71962501945,3382.147154755701,2526.1405523279036,121618.6950909815,101845.0869402685,0.00816219450392297,-0.01729262210051885,0.006158578325259345,98321661181.0,1
2025-07-17 00:00:00+00:00,118738.5078125,120999.609375,117508.21875,119289.84375,72363841798,0.0,0.0,70.57841472946726,112341.96171875,109036.23429658732,3453.8250066527835,2711.6774431928798,122523.72499887446,102160.19843862554,0.004643278306736054,0.00816219450392297,-0.01729262210051885,72162029070.0,0
2025-07-18 00:00:00+00:00,119284.109375,120851.9140625,116925.984375,118003.2265625,77945799785,0.0,0.0,65.64619355338708,112875.73789062501,109387.88105211331,3367.986909772706,2842.939336508845,123069.99047097824,102681.48531027178,-0.01078563897020779,0.004643278306736054,0.00816219450392297,72363841798.0,0
2025-07-19 00:00:00+00:00,117998.125,118541.3984375,117388.4140625,117939.9765625,47564562765,0.0,0.0,65.40421757018662,113353.45820312499,109723.25734663829,3257.3076383165317,2925.8129968703824,123557.2119649185,103149.70444133147,-0.0005360022928398989,-0.01078563897020779,0.004643278306736054,77945799785.0,0
2025-07-20 00:00:00+00:00,117944.109375,118865.03125,116550.1328125,117300.7890625,57515447231,0.0,0.0,62.8816708752652,113861.730859375,110020.41545314268,3082.4834781919926,2957.147093134705,123769.76439936063,103953.69731938938,-0.00541960002562214,-0.0005360022928398989,-0.01078563897020779,47564562765.0,1
2025-07-21 00:00:00+00:00,117306.46875,119671.5625,116584.3984375,117439.5390625,69820091744,0.0,0.0,63.21334618765716,114448.79375000001,110311.36147703904,2921.4533415907936,2950.0083428259227,123689.08659398775,105208.50090601227,0.0011828564931994912,-0.00541960002562214,-0.0005360022928398989,57515447231.0,1
2025-07-22 00:00:00+00:00,117426.5,120269.96875,116233.2265625,119995.4140625,79217583118,0.0,0.0,68.75236871601788,115005.59843750001,110691.12824509633,2965.884677967755,2953.1836098542894,124169.50315150151,105841.69372349851,0.02176332622218302,0.0011828564931994912,-0.00541960002562214,69820091744.0,0
2025-07-23 00:00:00+00:00,119997.4453125,120113.3515625,117391.390625,118754.9609375,66608604537,0.0,0.0,63.73638942531042,115460.94765625002,111007.35697813178,2867.942772816168,2936.1354424466654,124406.37529646784,106515.5200160322,-0.010337504434577038,0.02176332622218302,0.0011828564931994912,79217583118.0,0
2025-07-24 00:00:00+00:00,118770.984375,119535.453125,117247.96875,118368.0,72627318560,0.0,0.0,62.21159650007644,115977.63085937501,111296.00964565603,2727.655874645352,2894.439528886403,124288.12353557617,107667.13818317385,-0.0032584822936673197,-0.010337504434577038,0.02176332622218302,66608604537.0,0
2025-07-25 00:00:00+00:00,118368.0,118486.9765625,114759.8203125,117635.8828125,104857024569,0.0,0.0,59.320095089071906,116447.86601562501,111544.63212278717,2528.2575790739793,2821.2031389239182,123936.45722898692,108959.2748022631,-0.006185093838706357,-0.0032584822936673197,-0.010337504434577038,72627318560.0,1
2025-07-26 00:00:00+00:00,117644.84375,118335.6875,117181.2265625,117947.3671875,48508954046,0.0,0.0,60.168339143576404,116883.63085937501,111795.71977238375,2368.069547454521,2730.576420630039,123576.25395252754,110191.0077662225,0.002647868724685587,-0.006185093838706357,-0.0032584822936673197,104857024569.0,1
2025-07-27 00:00:00+00:00,117944.7265625,119815.59375,117859.6875,119448.4921875,54683390892,0.0,0.0,64.05797311915528,117441.062890625,112095.82849454517,2335.3274195765553,2651.5266204193426,122859.17783945559,112022.94794179442,0.012727075099638885,0.002647868724685587,-0.006185093838706357,48508954046.0,0
2025-07-28 00:00:00+00:00,119457.5234375,119819.7890625,117441.4375,117924.4765625,64822943193,0.0,0.0,57.878456487274455,117889.77304687501,112324.40292858263,2161.4874413864018,2553.5187846127546,121547.61891132753,114231.92718242249,-0.012758768211219684,0.012727075099638885,0.002647868724685587,54683390892.0,0
2025-07-29 00:00:00+00:00,117938.5859375,119273.8671875,116987.3671875,117922.1484375,68463107433,0.0,0.0,57.869272508031514,118219.552734375,112543.92236030487,2000.4699733868765,2442.9090223675794,120182.59778229453,116256.50768645547,-1.9742508661990676e-05,-0.012758768211219684,0.012727075099638885,64822943193.0,0
2025-07-30 00:00:00+00:00,117921.9921875,118780.7265625,115800.828125,117831.1875,68896148592,0.0,0.0,57.48547215290942,118311.751953125,112751.26609127331,1844.2631647161616,2323.179850837296,119985.18345401414,116638.32045223586,-0.0007713643170961237,-1.9742508661990676e-05,-0.012758768211219684,68463107433.0,0
2025-07-31 00:00:00+00:00,117833.6328125,118919.984375,115505.21875,115758.203125,69370346018,0.0,0.0,49.438246297830766,118223.8125,112869.18519063515,1535.4953939374973,2165.642959457336,120225.71019327125,116221.91480672875,-0.017592832754910526,-0.0007713643170961237,-1.9742508661990676e-05,68896148592.0,0
2025-08-01 00:00:00+00:00,115738.953125,116060.7734375,112724.4453125,113320.0859375,91294530181,0.0,0.0,41.992575503189016,118018.05546875,112886.86757286516,1081.5911210318445,1948.832591772238,120977.9281750745,115058.1827624255,-0.021062154747402473,-0.017592832754910526,-0.0007713643170961237,69370346018.0,0
2025-08-02 00:00:00+00:00,113320.390625,114021.6015625,112005.765625,112526.9140625,56870866000,0.0,0.0,39.88792663854798,117688.59531250001,112872.75174892927,650.3693203675066,1689.1399374912917,121483.05207530927,113894.13854969075,-0.006999393518263508,-0.021062154747402473,-0.017592832754910526,91294530181.0,1
2025-08-03 00:00:00+00:00,112525.8046875,114747.421875,111943.8046875,114217.671875,48099615826,0.0,0.0,46.090491186490084,117406.99375000001,112925.49371465752,439.9811331476667,1439.3081766225669,121358.83459552286,113455.15290447716,0.015025363723748075,-0.006999393518263508,-0.021062154747402473,56870866000.0,1
2025-08-04 00:00:00+00:00,114223.921875,115729.46875,114130.40625,115071.8828125,35783028986,0.0,0.0,48.95613085173043,117271.72851562501,113009.66583614155,338.2752363726322,1219.1015885725799,121353.28484495026,113190.17218629977,0.007478798363486527,0.015025363723748075,-0.006999393518263508,48099615826.0,0
2025-08-05 00:00:00+00:00,115072.1875,115117.4375,112701.109375,114141.4453125,61039182286,0.0,0.0,46.08269917542246,117041.875390625,113054.04934501834,180.51320629105612,1011.3839121162752,121290.00357469787,112793.74720655214,-0.008085706753543476,0.007478798363486527,0.015025363723748075,35783028986.0,1
2025-08-06 00:00:00+00:00,114140.9140625,115737.8359375,113372.25,115028.0,56379133510,0.0,0.0,49.14554941989616,116828.783203125,113131.45917462546,125.57565686771704,834.2222610665635,121029.42184658053,112628.14455966947,0.007767158415357134,-0.008085706753543476,0.007478798363486527,61039182286.0,1
2025-08-07 00:00:00+00:00,115030.0546875,117676.90625,114279.7109375,117496.8984375,64051649681,0.0,0.0,56.54820756705778,116803.46679687501,113302.65287120877,278.05151877971366,722.9881126091935,120980.33860960136,112626.59498414867,0.021463456180234486,0.007767158415357134,-0.008085706753543476,56379133510.0,0
2025-08-08 00:00:00+00:00,117505.5,117689.203125,115917.4609375,116688.7265625,59713005166,0.0,0.0,53.7880751264361,116740.904296875,113435.44007478883,329.87443459361384,644.3653770060776,120883.44243850675,112598.36615524325,-0.0068782400705657,0.021463456180234486,0.007767158415357134,64051649681.0,0
2025-08-09 00:00:00+00:00,116678.2734375,117906.609375,116363.8359375,116500.359375,54004312429,0.0,0.0,53.13705448450673,116700.8828125,113555.6329885226,351.6907390393317,585.8304494127284,120836.10538615927,112565.66023884073,-0.0016142706587778388,-0.0068782400705657,0.021463456180234486,59713005166.0,1
2025-08-10 00:00:00+00:00,116497.71875,119320.7109375,116485.1640625,119306.7578125,64755458694,0.0,0.0,60.75770307519168,116794.24375000001,113781.16729534524,588.6476536160044,586.3938902533837,121081.21196841371,112507.2755315863,0.02408918266480664,-0.0016142706587778388,-0.0068782400705657,54004312429.0,0
2025-08-11 00:00:00+00:00,119306.8125,122321.09375,118159.03125,118731.4453125,90528784177,0.0,0.0,58.65205985575577,116731.0453125,113975.29584503757,721.695547901254,613.4542217829578,120853.41908130172,112608.67154369829,-0.004822128356753663,0.02408918266480664,-0.0016142706587778388,64755458694.0,1
2025-08-12 00:00:00+00:00,118717.6640625,120302.46875,118228.71875,120172.90625,72803657984,0.0,0.0,62.18793994845352,116801.942578125,114218.33939033022,932.6992373224348,677.3032248908532,121115.22634090159,112488.65881534842,0.012140515376580119,-0.004822128356753663,0.02408918266480664,90528784177.0,1
2025-08-13 00:00:00+00:00,120168.9765625,123682.453125,118939.6328125,123344.0625,90904808795,0.0,0.0,68.5581187186457,117050.74570312501,114576.21088482707,1340.3561964151595,809.9138191957145,122231.27030996776,111870.22109628226,0.026388279596092357,0.012140515376580119,-0.004822128356753663,72803657984.0,0
2025-08-14 00:00:00+00:00,123339.3984375,124457.1171875,117254.8828125,118359.578125,104055627395,0.0,0.0,53.345435346012316,117086.93046875,114724.57822757895,1246.8481521554204,897.3006857876558,122294.70173336289,111879.1592041371,-0.040411222672351976,0.026388279596092357,0.012140515376580119,90904808795.0,0
2025-08-15 00:00:00+00:00,118365.78125,119332.3125,116864.5703125,117398.3515625,68665353159,0.0,0.0,50.99543232563351,117059.4796875,114829.43208385038,1082.6987261438771,934.3802938589001,122253.9250644963,111865.0343105037,-0.008121240187970669,-0.040411222672351976,0.026388279596092357,104055627395.0,1
2025-08-16 00:00:00+00:00,117398.421875,117996.0625,117271.953125,117491.3515625,48036922378,0.0,0.0,51.21933574960588,116961.62265625001,114933.8210830131,949.1719823895983,937.3386315650398,122038.98958263182,111884.2557298682,0.0007921746665282559,-0.008121240187970669,-0.040411222672351976,68665353159.0,0
2025-08-17 00:00:00+00:00,117492.7890625,118595.7734375,117279.5234375,117453.0625,45852169525,0.0,0.0,51.11578442221487,116938.051953125,115032.61486407141,830.6858393355069,916.0080731191333,122000.95469268436,111875.14921356564,-0.00032588834829794244,0.0007921746665282559,-0.008121240187970669,48036922378.0,0
2025-08-18 00:00:00+00:00,117453.90625,117614.171875,114723.6796875,116252.3125,72787808090,0.0,0.0,47.848741826675436,116854.56015625,115080.44614391176,632.6019854972983,859.3268555947664,121904.18859110035,111804.93172139964,-0.01022323279139703,-0.00032588834829794244,0.0007921746665282559,45852169525.0,0
2025-08-19 00:00:00+00:00,116241.859375,116764.5,112730.3984375,112831.1796875,71657600353,0.0,0.0,40.00359900095051,116604.55976562502,114992.23961620935,197.2880638520146,726.919097246216,121937.72975885439,111271.38977239565,-0.029428514056440758,-0.01022323279139703,-0.00032588834829794244,72787808090.0,1
2025-08-20 00:00:00+00:00,112828.0234375,114625.796875,112387.9609375,114274.7421875,67993811526,0.0,0.0,44.16364143162347,116530.38671875,114964.10246214233,-30.862166084945784,575.3628445799836,121953.62197196801,111107.15146553199,0.012794003430595335,-0.029428514056440758,-0.01022323279139703,71657600353.0,0
2025-08-21 00:00:00+00:00,114275.6875,114802.6484375,111986.234375,112419.03125,57817883700,0.0,0.0,40.29561227282707,116485.33398437501,114864.29574794066,-357.2945615787321,388.8313633482405,122034.37184526642,110936.29612348361,-0.01623902974513114,0.012794003430595335,-0.029428514056440758,67993811526.0,1
2025-08-22 00:00:00+00:00,112433.734375,117377.3984375,111678.9453125,116874.0859375,82528088240,0.0,0.0,51.31893102696988,116702.69257812502,114943.111049492,-253.5857275743765,260.3479451637171,121930.1161208265,111475.26903542354,0.03962900798880531,-0.01623902974513114,0.012794003430595335,57817883700.0,0
2025-08-23 00:00:00+00:00,116866.3671875,116996.25,114536.109375,115374.328125,55377142586,0.0,0.0,48.09935874328879,116760.52539062501,114960.02152304133,-289.081301615719,150.46209580782988,121896.99206051198,111624.05872073804,-0.012832252765613172,0.03962900798880531,-0.01623902974513114,82528088240.0,0
2025-08-24 00:00:00+00:00,115387.390625,115615.0859375,111060.546875,113458.4296875,73961489632,0.0,0.0,44.27778293446938,116679.852734375,114901.13556870638,-466.43205348153424,27.083265949957052,121976.18289418616,111383.52257456385,-0.016605933647771742,-0.012832252765613172,0.03962900798880531,55377142586.0,0
2025-08-25 00:00:00+00:00,113456.8984375,113637.84375,109324.28125,110124.3515625,85706860190,0.0,0.0,38.53932423593605,116478.998046875,114713.8107057179,-866.0329539065278,-151.53997802133995,122443.22506757108,110514.77102617892,-0.029385900493979156,-0.016605933647771742,-0.012832252765613172,73961489632.0,1
2025-08-26 00:00:00+00:00,110124.1015625,112397.015625,108762.0390625,111802.65625,69396320317,0.0,0.0,42.57390485824637,116317.73085937499,114599.64778588583,-1035.3594056194997,-328.3038635409719,122612.41790794455,110023.04381080544,0.015240086898922645,-0.029385900493979156,-0.016605933647771742,85706860190.0,0
2025-08-27 00:00:00+00:00,111795.7109375,112619.4140625,110398.265625,111222.0625,62137056409,0.0,0.0,41.557568576133384,116003.9890625,114467.19346094913,-1202.5387833932473,-503.150847511427,122666.00038336127,109341.97774163872,-0.005193022862549412,0.015240086898922645,-0.029385900493979156,69396320317.0,1
2025-08-28 00:00:00+00:00,111219.0546875,113450.078125,110900.921875,112544.8046875,58860155962,0.0,0.0,44.79119484773809,115796.79296875,114391.8056659119,-1214.2977363966784,-645.3802252884773,122624.82901462086,108968.75692287914,0.01189280397942638,-0.005193022862549412,0.015240086898922645,62137056409.0,0
2025-08-29 00:00:00+00:00,112550.5234375,112619.0546875,107559.625,108410.8359375,77843379644,0.0,0.0,37.75943945719864,115392.316796875,114157.25783342516,-1539.4477253720834,-824.1937253051985,122962.89973020887,107821.73386354114,-0.036731759955323295,0.01189280397942638,-0.005193022862549412,58860155962.0,1
2025-08-30 00:00:00+00:00,108409.40625,108929.3515625,107444.4453125,108808.0703125,51486264208,0.0,0.0,38.754410054156736,114867.38242187501,113947.48577378104,-1744.9630916590831,-1008.3475985759756,122744.8456738012,106989.91916994881,0.003664157476186425,-0.036731759955323295,0.01189280397942638,77843379644.0,0
2025-08-31 00:00:00+00:00,108818.4609375,109491.0,108104.65625,108236.7109375,47986191770,0.0,0.0,37.817965369248356,114342.645703125,113723.53381941708,-1931.6723106399731,-1193.012540988775,122528.46629905778,106156.82510719223,-0.00525107534173741,0.003664157476186425,-0.036731759955323295,51486264208.0,1
2025-09-01 00:00:00+00:00,108228.75,109890.5859375,107271.1796875,109250.59375,66870372995,0.0,0.0,40.562596074384196,113796.53007812501,113548.12440493013,-1975.0615619994787,-1349.4223451909158,121799.93184130026,105793.12831494976,0.009367272930950854,-0.00525107534173741,0.003664157476186425,47986191770.0,1
2025-09-02 00:00:00+00:00,109243.0703125,111748.015625,108454.03125,111200.5859375,74776999491,0.0,0.0,45.541297403747336,113189.35625000003,113456.06407287405,-1830.9932332982426,-1445.7365228123813,119877.42793262361,106501.28456737644,0.017848801737061493,0.009367272930950854,-0.00525107534173741,66870372995.0,1
2025-09-03 00:00:00+00:00,111190.6953125,112600.2265625,110582.9609375,111723.2109375,61119643565,0.0,0.0,46.826852234727,112857.53789062501,113388.10904795743,-1655.562283651423,-1487.7016749801896,119109.86811424821,106605.20766700181,0.004699840343410866,0.017848801737061493,0.009367272930950854,74776999491.0,0
2025-09-04 00:00:00+00:00,111718.1484375,112208.328125,109347.2265625,110723.6015625,60131132901,0.0,0.0,44.65553426226122,112523.80039062502,113283.61855833165,-1578.990495083097,-1505.959439000771,118460.17069563613,106587.43008561392,-0.008947195185422974,0.004699840343410866,0.017848801737061493,61119643565.0,0
2025-09-05 00:00:00+00:00,110723.015625,113357.4921875,110233.3984375,110650.984375,60241647677,0.0,0.0,44.49412630812205,112181.78203125003,113180.37800212258,-1506.7969834403193,-1506.126947888681,117685.53544738589,106678.02861511416,-0.0006558419928113235,-0.008947195185422974,0.004699840343410866,60131132901.0,0
2025-09-06 00:00:00+00:00,110650.5703125,111275.015625,110024.0859375,110224.6953125,21500719036,0.0,0.0,43.500119090483146,111820.36367187503,113064.46887703935,-1467.0696048490645,-1498.3154792807577,116790.06151181295,106850.66583193712,-0.0038525555367432407,-0.0006558419928113235,-0.008947195185422974,60241647677.0,1
2025-09-07 00:00:00+00:00,110221.328125,111591.078125,110211.625,111167.6171875,24618007520,0.0,0.0,46.35490208753487,111566.12890625003,112990.08253627311,-1344.0065848149097,-1467.453700387588,116080.57846022426,107051.6793522758,0.008554542812086785,-0.0038525555367432407,-0.0006558419928113235,21500719036.0,1
2025-09-08 00:00:00+00:00,111163.015625,112869.234375,110630.609375,112071.4296875,40212813407,0.0,0.0,49.014171659005484,111528.14140625003,112954.05693436044,-1160.1743715708872,-1405.9978346242478,116010.44167520996,107045.84113729009,0.008130177859939192,0.008554542812086785,-0.0038525555367432407,24618007520.0,0
2025-09-09 00:00:00+00:00,112077.578125,113225.4375,110776.703125,111530.546875,45984480722,0.0,0.0,47.49675183498588,111390.93164062501,112898.23301046395,-1046.0722707777604,-1334.0127218549505,115683.20092435807,107098.66235689196,-0.004826232823193166,0.008130177859939192,0.008554542812086785,40212813407.0,1
2025-09-10 00:00:00+00:00,111531.25,114275.25,110940.078125,113955.359375,56377473784,0.0,0.0,54.32381025010903,111467.74804687501,112939.68894632811,-751.3226502614707,-1217.4747075362545,115890.49474552574,107045.0013482243,0.02174124101370767,-0.004826232823193166,0.008130177859939192,45984480722.0,1
2025-09-11 00:00:00+00:00,113961.4296875,115522.546875,113453.8359375,115507.5390625,45685065332,0.0,0.0,58.08134736096566,111399.42070312501,113040.38895088388,-388.01077706195065,-1051.581921441394,115501.05886767551,107297.78253857451,0.013620945043858246,0.02174124101370767,-0.004826232823193166,56377473784.0,1
2025-09-12 00:00:00+00:00,115507.7890625,116769.3828125,114794.484375,116101.578125,54785725894,0.0,0.0,59.45601446469194,111435.78320312501,113160.43558516295,-51.55521584225062,-851.5765803215653,115695.63914424626,107175.92726200377,0.005142859655061782,0.013620945043858246,0.02174124101370767,45685065332.0,0
2025-09-13 00:00:00+00:00,116093.5625,116334.6328125,115248.2734375,115950.5078125,34549454947,0.0,0.0,58.92677562358359,111560.38710937502,113269.85018231341,200.5858993964648,-641.1440843779593,116198.36277632827,106922.41144242177,-0.0013011908618274504,0.005142859655061782,0.013620945043858246,54785725894.0,0
2025-09-14 00:00:00+00:00,115950.2890625,116181.5,115222.3984375,115407.65625,32798036057,0.0,0.0,56.964557458005125,111824.55234375001,113353.68571437956,352.5420798610139,-442.40685153016466,116713.20737764241,106935.89730985761,-0.004681752350561785,-0.0013011908618274504,0.005142859655061782,34549454947.0,1
2025-09-15 00:00:00+00:00,115399.6328125,116747.8828125,114461.0625,115444.875,52937859416,0.0,0.0,57.070107834317085,112006.66328125,113435.69313734508,470.5475109388208,-259.8159790363676,117156.27690021925,106857.04966228076,0.0003224981011604733,-0.004681752350561785,-0.0013011908618274504,32798036057.0,1
2025-09-16 00:00:00+00:00,115423.7578125,117005.2734375,114813.09375,116843.1875,45781744593,0.0,0.0,60.94563052146805,112287.71953125,113569.32036725311,669.1858400061756,-74.01561522785897,117853.77242425158,106721.66663824841,0.012112382641498831,0.0003224981011604733,-0.004681752350561785,52937859416.0,0
2025-09-17 00:00:00+00:00,116840.5078125,117328.609375,114794.9765625,116468.5078125,60528025996,0.0,0.0,59.39829304813021,112483.9046875,113683.01399255692,787.2991331215599,98.2473344420248,118356.27735244468,106611.53202255533,-0.0032066883445814875,0.012112382641498831,0.0003224981011604733,45781744593.0,1
2025-09-18 00:00:00+00:00,116461.265625,117911.7890625,116188.796875,117137.203125,49457272032,0.0,0.0,61.287362987718666,112920.223046875,113818.47238990763,924.2091839028726,263.4397043341944,118815.06354724136,107025.38254650866,0.005741425944741474,-0.0032066883445814875,0.012112382641498831,60528025996.0,0
2025-09-19 00:00:00+00:00,117137.671875,117479.7578125,115141.8203125,115688.859375,38828473971,0.0,0.0,55.28728291547811,113264.2625,113891.82089912695,905.4052016500209,391.8328037973597,118947.97367813297,107580.55132186702,-0.012364506846338497,0.005741425944741474,-0.0032066883445814875,49457272032.0,1
2025-09-20 00:00:00+00:00,115691.125,116191.1484375,115473.5234375,115721.9609375,22864449614,0.0,0.0,55.394764355642856,113638.525,113963.59109671021,882.9953094103403,490.0653049199559,118898.28843496503,108378.76156503496,0.0002861257573012477,-0.012364506846338497,0.005741425944741474,38828473971.0,0
2025-09-21 00:00:00+00:00,115730.2265625,115901.0859375,115252.578125,115306.09375,22495852193,0.0,0.0,53.64989803305599,113941.3,114016.23825958432,822.2004864657356,556.4923412291118,118820.96068664562,109061.63931335439,-0.003593675600818802,0.0002861257573012477,-0.012364506846338497,22864449614.0,0
2025-09-22 00:00:00+00:00,115309.21875,115431.3125,112037.6484375,112748.5078125,70684158591,0.0,0.0,44.38942407032966,114018.69609375,113966.52334009082,561.1754593841761,557.4289648601248,118762.53656553732,109274.85562196268,-0.02218083931492132,-0.003593675600818802,0.0002861257573012477,22495852193.0,0
2025-09-23 00:00:00+00:00,112757.4765625,113351.9140625,111535.5703125,112014.5,47211853279,0.0,0.0,42.141265118794465,114033.26054687501,113889.9734051853,291.7201800822804,504.28720790455594,118749.13327220407,109317.38782154596,-0.00651013327573835,-0.02218083931492132,-0.003593675600818802,70684158591.0,1
2025-09-24 00:00:00+00:00,112007.6640625,113986.2734375,111229.640625,113328.6328125,48044595085,0.0,0.0,47.28852323878888,114163.512109375,113867.9600486094,182.1151550727227,439.85279733818936,118631.89842301533,109695.12579573468,0.011731809832655538,-0.00651013327573835,-0.02218083931492132,47211853279.0,0
2025-09-25 00:00:00+00:00,113330.1640625,113541.0859375,108713.3984375,109049.2890625,75528654284,0.0,0.0,36.043574774480774,114083.42734375,113678.99255895805,-247.20526514927042,302.4411848406975,118863.42771971098,109303.42696778901,-0.03776048156409062,0.011731809832655538,-0.00651013327573835,48044595085.0,1
2025-09-26 00:00:00+00:00,109041.296875,110359.1953125,108728.9765625,109712.828125,57738288949,0.0,0.0,38.48615369755172,114057.83398437501,113523.45669880284,-527.818372700407,136.38927333247656,118929.4303144122,109186.23765433783,0.0060847628462732395,-0.03776048156409062,0.011731809832655538,75528654284.0,0
2025-09-27 00:00:00+00:00,109707.140625,109778.5,109144.296875,109681.9453125,26308042910,0.0,0.0,38.4126221998204,113983.550390625,113372.80919345762,-744.1205089846189,-39.71268313094254,119080.79069253344,108886.31008871655,-0.0002814877077529365,0.0060847628462732395,-0.03776048156409062,57738288949.0,1
2025-09-28 00:00:00+00:00,109681.9453125,112375.484375,109236.9453125,112122.640625,33371048505,0.0,0.0,47.02667520004514,113986.1109375,113323.78297508674,-710.4086477089004,-173.8518760465341,119079.35676945848,108892.86510554151,0.02225248016477188,-0.0002814877077529365,0.0060847628462732395,26308042910.0,1
2025-09-29 00:00:00+00:00,112117.875,114473.5703125,111589.953125,114400.3828125,60000147466,0.0,0.0,53.5553785476526,114129.60273437499,113366.00257655393,-494.20016425687936,-237.92153368860318,119091.5740245948,109167.63144415518,0.02031473906432546,0.02225248016477188,-0.0002814877077529365,33371048505.0,0
2025-09-30 00:00:00+00:00,114396.5234375,114836.6171875,112740.5625,114056.0859375,58986330258,0.0,0.0,52.50206115403652,114134.63906249999,113393.06466914005,-346.639420364183,-259.6651110237192,119096.07014494308,109173.2079800569,-0.003009577997342028,0.02031473906432546,0.02225248016477188,60000147466.0,1
2025-10-01 00:00:00+00:00,114057.59375,118648.9296875,113981.3984375,118648.9296875,71328680132,0.0,0.0,62.96590353644195,114291.70859375,113599.17702280122,139.30185385787627,-179.87171804740012,119621.3790884868,108962.03809901318,0.04026829179914837,-0.003009577997342028,0.02031473906432546,58986330258.0,1
2025-10-02 00:00:00+00:00,118652.3828125,121086.40625,118383.15625,120681.2578125,71415163912,0.0,0.0,66.48442305760086,114520.692578125,113876.90568122079,680.5606301987136,-7.785248398177373,120528.19016054823,108513.19499570178,0.017128920845327356,0.04026829179914837,-0.003009577997342028,71328680132.0,1
2025-10-03 00:00:00+00:00,120656.984375,123944.703125,119344.3125,122266.53125,83941392228,0.0,0.0,68.96157647782795,114836.49375000001,114205.91060548664,1223.3286564748996,238.43753257643803,121755.37207005204,107917.61542994798,0.013136036748664148,0.017128920845327356,0.04026829179914837,71415163912.0,1
2025-10-04 00:00:00+00:00,122267.46875,122857.640625,121577.5703125,122425.4296875,36769171735,0.0,0.0,69.20724801127665,115187.38242187502,114528.24468713423,1647.3088526289066,520.2117965869318,122895.06733059573,107479.69751315431,0.001299606980548873,0.013136036748664148,0.017128920845327356,83941392228.0,1
2025-10-05 00:00:00+00:00,122419.671875,125559.2109375,122191.9609375,123513.4765625,73689317763,0.0,0.0,70.90541358547067,115590.81250000001,114880.6067214623,2047.5100806397968,825.6714533975048,124152.56780760412,107029.0571923959,0.008887425412982486,0.001299606980548873,0.013136036748664148,36769171735.0,1
2025-10-06 00:00:00+00:00,123510.453125,126198.0703125,123196.046875,124752.53125,72568881188,0.0,0.0,72.74851508507925,115986.2796875,115267.74101669907,2436.5665724644205,1147.850477210888,125472.37053158163,106500.18884341838,0.010031736794915869,0.008887425412982486,0.001299606980548873,73689317763.0,0
2025-10-07 00:00:00+00:00,124752.140625,125184.0234375,120681.96875,121451.3828125,76149412513,0.0,0.0,61.55950980601828,116235.42343750001,115510.23677339715,2450.276295290372,1408.3356408267848,126031.5179726692,106439.32890233082,-0.026461574802715715,0.010031736794915869,0.008887425412982486,72568881188.0,1
2025-10-08 00:00:00+00:00,121448.3515625,124167.09375,121119.1796875,123354.8671875,65354305286,0.0,0.0,64.91078396317016,116546.306640625,115817.86933865609,2584.9390619455808,1643.6563250505442,126844.6639859729,106247.9492952771,0.01567280940669602,-0.026461574802715715,0.010031736794915869,76149412513.0,0
2025-10-09 00:00:00+00:00,123337.0703125,123739.34375,119812.03125,121705.5859375,74653009425,0.0,0.0,60.02761015396436,116847.14296875,116048.76018566958,2529.4194881062576,1820.8089576616871,127388.68661065832,106305.5993268417,-0.013370216251727518,0.01567280940669602,-0.026461574802715715,65354305286.0,0
2025-10-10 00:00:00+00:00,121704.7421875,122509.6640625,104582.4140625,113214.3671875,153125018868,0.0,0.0,42.35932642649684,116721.76328125,115937.60751907469,1779.733773695334,1812.5939208684167,127378.6740623778,106064.85250012219,-0.06976852117831744,-0.013370216251727518,0.01567280940669602,74653009425.0,0
2025-10-11 00:00:00+00:00,113236.4296875,113429.7265625,109760.5625,110807.8828125,110236934340,0.0,0.0,38.86768464181539,116496.852734375,115736.44184430706,980.1210413369845,1646.0993449621303,127464.88731367482,105528.81815507519,-0.02125599811033263,-0.06976852117831744,-0.013370216251727518,153125018868.0,1
2025-10-12 00:00:00+00:00,110811.515625,115805.0625,109715.5390625,115169.765625,93710414091,0.0,0.0,47.340588331586765,116617.915625,115714.2192474715,690.4308224939596,1454.9656404684963,127464.52472989343,105771.30652010656,0.03936437283871608,-0.02125599811033263,-0.06976852117831744,110236934340.0,1
2025-10-13 00:00:00+00:00,115161.6796875,116020.484375,113821.1875,115271.078125,71582026739,0.0,0.0,47.52251992345385,116780.74453124999,115696.84116423732,463.67930263125163,1256.7083729010474,127432.40300240289,106129.08606009709,0.000879679657679322,0.03936437283871608,-0.02125599811033263,93710414091.0,0
2025-10-14 00:00:00+00:00,115264.8828125,115502.8828125,110029.484375,113118.6640625,92212917403,0.0,0.0,44.04123865171188,116770.24609375,115595.73617985548,109.03833703932469,1027.174365728703,127436.6343995792,106103.8577879208,-0.01867262888064536,0.000879679657679322,0.03936437283871608,71582026739.0,0
2025-10-15 00:00:00+00:00,113113.96875,113622.3828125,110235.8359375,110783.1640625,72574132855,0.0,0.0,40.56853509107846,116856.93984375,115407.00786152782,-356.36456576960336,750.4665794290418,127284.61451238455,106429.26517511546,-0.02064646024028005,-0.01867262888064536,0.000879679657679322,92212917403.0,0
2025-10-16 00:00:00+00:00,110782.171875,111990.8125,107537.03125,108186.0390625,87306423067,0.0,0.0,37.068216734239186,116780.60039062501,115123.83261450713,-924.1133977051504,415.5505840022033,127448.08694006629,106113.11384118373,-0.023443318504017374,-0.02064646024028005,-0.01867262888064536,72574132855.0,0
2025-10-17 00:00:00+00:00,108179.1328125,109235.8046875,103598.4296875,106467.7890625,99703051669,0.0,0.0,34.921432238543424,116619.892578125,114784.37992619314,-1495.4680278802552,33.3468616257116,127821.15343425205,105418.63172199795,-0.01588236351834038,-0.023443318504017374,-0.02064646024028005,87306423067.0,1
2025-10-18 00:00:00+00:00,106483.734375,107490.984375,106387.453125,107198.265625,37779905278,0.0,0.0,36.60241812288632,116373.67382812501,114486.88524771498,-1867.7965390957252,-346.88181851857576,128190.73079988101,104556.61685636902,0.006861009972426446,-0.01588236351834038,-0.023443318504017374,99703051669.0,1
2025-10-19 00:00:00+00:00,107204.3125,109488.9921875,106157.7890625,108666.7109375,47657008953,0.0,0.0,39.95982667222823,116086.990234375,114258.64311790263,-2021.0805438759708,-681.7215635900548,128374.45169467176,103799.52877407824,0.013698405510000455,0.006861009972426446,-0.01588236351834038,37779905278.0,1
2025-10-20 00:00:00+00:00,108667.4453125,111711.03125,107485.015625,110588.9296875,63507793085,0.0,0.0,44.13076652318106,115913.63242187501,114114.7327872986,-1964.803205240838,-938.3378919202115,128417.66257048807,103409.60227326195,0.01768912239467313,0.013698405510000455,0.006861009972426446,47657008953.0,0
2025-10-21 00:00:00+00:00,110587.6328125,113996.34375,107534.75,108476.890625,101194375480,0.0,0.0,40.778724549540875,115405.03046875,113893.64093779669,-2066.8021021194,-1164.0307339600492,128263.08889454394,102546.97204295607,-0.019098105646452646,0.01768912239467313,0.013698405510000455,63507793085.0,0
2025-10-22 00:00:00+00:00,108491.53125,109115.1328125,106778.0,107688.5859375,80807013218,0.0,0.0,39.57058448025815,114755.396875,113650.30544758898,-2186.0471718719054,-1368.4340215424204,127802.52102582727,101708.27272417274,-0.007267028792566799,-0.019098105646452646,0.01768912239467313,101194375480.0,1
2025-10-23 00:00:00+00:00,107679.4375,111288.59375,107548.4296875,110069.7265625,54944076060,0.0,0.0,44.88247345648065,114145.556640625,113509.89058935021,-2064.612037952975,-1507.6696248245314,126850.14052397087,101440.97275727913,0.022111355667553845,-0.007267028792566799,-0.019098105646452646,80807013218.0,1
2025-10-24 00:00:00+00:00,110069.3515625,111842.53125,109770.1484375,111033.921875,48160816980,0.0,0.0,46.91725875983,113575.98125,113412.79377702276,-1869.0263435668749,-1579.9409685730002,125726.94652300813,101425.01597699187,0.008759859251149305,0.022111355667553845,-0.007267028792566799,54944076060.0,1
2025-10-25 00:00:00+00:00,111032.6171875,111947.703125,110704.40625,111641.7265625,24707667305,0.0,0.0,48.21508296503779,112982.39375,113343.34016076697,-1646.0043988932448,-1593.1536546370494,124214.4803234576,101750.30717654241,0.005474045023684315,0.008759859251149305,0.022111355667553845,48160816980.0,1
2025-10-26 00:00:00+00:00,111639.0546875,115260.90625,111268.484375,114472.4453125,41708524143,0.0,0.0,53.8715904761444,112468.38945312501,113387.61879416826,-1226.7018992327648,-1519.8633035561925,122284.15561423654,102652.62329201348,0.025355383127430242,0.005474045023684315,0.008759859251149305,24707667305.0,0
2025-10-27 00:00:00+00:00,114479.8515625,116273.3125,113882.2890625,114119.328125,61761358733,0.0,0.0,53.09250498176639,112101.78671875001,113416.3132777303,-912.3779284249176,-1398.3662285299376,121010.71172711751,103192.86171038251,-0.0030847352525406047,0.025355383127430242,0.005474045023684315,41708524143.0,0
2025-10-28 00:00:00+00:00,114129.0859375,116078.984375,112291.6796875,112956.1640625,64528066504,0.0,0.0,50.50168072267541,111581.8515625,113398.26821046637,-748.5032562429697,-1268.393634072544,118773.86434127296,104389.83878372704,-0.01019252462848308,-0.0030847352525406047,0.025355383127430242,61761358733.0,0
2025-10-29 00:00:00+00:00,112921.328125,113642.7265625,109368.71875,110055.3046875,62192043469,0.0,0.0,44.64980983240124,110999.3375,113267.1716017226,-842.9890528953692,-1183.3127178371092,116403.97239401209,105594.7026059879,-0.025681284408657135,-0.01019252462848308,-0.0030847352525406047,64528066504.0,0
2025-10-30 00:00:00+00:00,110059.1953125,111612.3515625,106376.6875,108305.546875,69673964814,0.0,0.0,41.524257813888596,110753.89648437499,113072.5980830276,-1046.9914934020053,-1156.0484729500884,116180.79242133435,105327.00054741562,-0.015898895718551742,-0.025681284408657135,-0.01019252462848308,62192043469.0,1
2025-10-31 00:00:00+00:00,108304.4140625,111031.8203125,108288.2734375,109556.1640625,60090359560,0.0,0.0,44.513921163323346,110691.31054687499,112934.69870967357,-1095.1266042729985,-1143.8640992146704,116144.39284502943,105238.22824872054,0.011547120379193476,-0.015898895718551742,-0.025681284408657135,69673964814.0,1
2025-11-01 00:00:00+00:00,109558.625,110574.8984375,109372.953125,110064.015625,25871668762,0.0,0.0,45.72737827009244,110436.023046875,112822.12290243147,-1079.8468473568355,-1131.0606488431035,115468.13071440604,105403.91537934395,0.004635536182247879,0.011547120379193476,-0.015898895718551742,60090359560.0,1
2025-11-02 00:00:00+00:00,110064.4296875,111167.3125,109523.453125,110639.625,34284209459,0.0,0.0,47.13847198252272,110204.450390625,112736.53474939494,-1009.6520238771627,-1106.7789238499154,114697.04521551721,105711.8555657328,0.005229768982454308,0.004635536182247879,0.011547120379193476,25871668762.0,0
2025-11-03 00:00:00+00:00,110646.90625,110764.9140625,105336.359375,106547.5234375,72852006359,0.0,0.0,39.312940949719334,109875.893359375,112493.82842343827,-1269.585525864546,-1139.3402442528416,114431.80723032173,105319.97948842826,-0.03698585893164408,0.005229768982454308,0.004635536182247879,34284209459.0,0
2025-11-04 00:00:00+00:00,106541.421875,107264.8828125,98962.0625,101590.5234375,110967184773,0.0,0.0,32.314610552657825,109416.26132812501,112066.24783575443,-1854.1991182949569,-1282.3120190612647,115259.68589592763,103572.83676032239,-0.046523840630681046,-0.03698585893164408,0.005229768982454308,72852006359.0,1
2025-11-05 00:00:00+00:00,101579.234375,104534.703125,98989.9140625,103891.8359375,77584934804,0.0,0.0,37.84641071243075,109201.551171875,111745.68266327387,-2107.5187520419277,-1447.3533656573973,115530.68964784307,102872.41269590694,0.02265282648549194,-0.046523840630681046,-0.03698585893164408,110967184773.0,0
2025-11-06 00:00:00+00:00,103893.6640625,104147.3046875,100336.8671875,101301.2890625,63932752861,0.0,0.0,34.43472718186344,108943.22617187501,111336.09860049843,-2488.6245548118604,-1655.6076034882901,116108.66252016422,101777.7898235858,-0.02493503798083263,0.02265282648549194,-0.046523840630681046,77584934804.0,1
2025-11-07 00:00:00+00:00,101286.2421875,104052.9140625,99257.0546875,103372.40625,92168030081,0.0,0.0,39.157015013595036,108751.93320312501,111023.79693969457,-2593.6340029386047,-1843.2128833783531,116307.18662930428,101196.67977694573,0.020445121741957006,-0.02493503798083263,0.02265282648549194,63932752861.0,0
2025-11-08 00:00:00+00:00,103371.703125,103373.5625,101458.0390625,102282.1171875,51446691095,0.0,0.0,37.6208806468198,108432.70351562502,110680.98596902029,-2733.3239059958723,-2021.235087901857,116523.6589944216,100341.74803682845,-0.010547196317199026,0.020445121741957006,-0.02493503798083263,92168030081.0,1
2025-11-09 00:00:00+00:00,102278.984375,105418.3671875,101468.875,104719.640625,59679243013,0.0,0.0,43.004247181193925,108139.23906250001,110447.20772023518,-2617.1722577530454,-2140.422521872095,116326.09643372711,99952.38169127291,0.02383137448193029,-0.010547196317199026,0.020445121741957006,51446691095.0,1
2025-11-10 00:00:00+00:00,104723.7734375,106564.6953125,104350.6484375,105996.59375,69585887229,0.0,0.0,45.650440554931954,108015.22421875001,110272.6738390495,-2394.479722716598,-2191.2339620409957,116255.51466340109,99774.93377409893,0.012194017448672767,0.02383137448193029,-0.010547196317199026,59679243013.0,0
2025-11-11 00:00:00+00:00,105996.859375,107428.2578125,102457.328125,102997.46875,71130078574,0.0,0.0,40.8530224372388,107780.668359375,109987.37167869462,-2431.964434893569,-2239.3800566115106,116321.68006774623,99239.65665100378,-0.028294541304540788,0.012194017448672767,0.02383137448193029,69585887229.0,0
2025-11-12 00:00:00+00:00,103011.4375,105297.234375,100836.6171875,101663.1875,64347179408,0.0,0.0,38.894672852388766,107360.34140625001,109660.9330834517,-2540.0564950334083,-2299.5153442958904,116247.43997273032,98473.2428397697,-0.012954505253314763,-0.028294541304540788,0.012194017448672767,71130078574.0,0
2025-11-13 00:00:00+00:00,101674.1484375,104005.4921875,97988.71875,99697.4921875,101546815416,0.0,0.0,36.145666360041716,106793.519921875,109270.20991106144,-2752.6050970514334,-2390.133294846999,116128.86088996683,97458.17895378318,-0.01933536967351135,-0.012954505253314763,-0.028294541304540788,64347179408.0,0
2025-11-14 00:00:00+00:00,99694.703125,99804.4296875,94000.734375,94397.7890625,114346441890,0.0,0.0,29.9910929166818,105931.32304687501,108686.97772092177,-3310.5314009452995,-2574.212916066659,116486.8122557898,95375.83383796022,-0.053157837862490065,-0.01933536967351135,-0.012954505253314763,101546815416.0,1
2025-11-15 00:00:00+00:00,94420.46875,96728.46875,94420.46875,95549.1484375,38500716654,0.0,0.0,32.67318589912437,104985.158203125,108171.76872941504,-3618.0799635294243,-2782.986325559212,115708.19190504993,94262.12450120007,0.012196889211437911,-0.053157837862490065,-0.01933536967351135,114346441890.0,0
2025-11-16 00:00:00+00:00,95556.8671875,96564.1875,92971.1640625,94177.078125,71086235862,0.0,0.0,31.1420360884627,103988.04570312501,107622.95733316347,-3927.258036482468,-3011.8406677438634,114842.76346454382,93133.3279417062,-0.01435983820826503,0.012196889211437911,-0.053157837862490065,38500716654.0,0
2025-11-17 00:00:00+00:00,94180.875,95928.3671875,91214.7578125,92093.875,94186165724,0.0,0.0,28.92563176555904,102944.93125000002,107013.9737122551,-4290.917937953011,-3267.656121785693,114174.12870495502,91715.73379504503,-0.02212006537551514,-0.01435983820826503,0.012196889211437911,71086235862.0,1
2025-11-18 00:00:00+00:00,92094.53125,93745.078125,89300.4609375,92948.875,101333569062,0.0,0.0,31.0932506567161,102089.60976562503,106462.4012137353,-4458.732186250985,-3505.8713346787517,113639.8013050807,90539.41822616936,0.009284005043766586,-0.02212006537551514,-0.01435983820826503,94186165724.0,0
2025-11-19 00:00:00+00:00,92946.1640625,92946.1640625,88526.828125,91465.9921875,80350354656,0.0,0.0,29.417530360854258,101247.63203125002,105874.30674211823,-4657.691469119745,-3736.235361566951,113332.66181398813,89162.6022485119,-0.015953746750565823,0.009284005043766586,-0.02212006537551514,101333569062.0,0
2025-11-20 00:00:00+00:00,91459.3515625,93025.0703125,86040.796875,86631.8984375,97970645638,0.0,0.0,24.73717866819278,100101.41875000001,105119.70249487831,-5146.1178563346475,-4018.2118605204905,113176.42185381617,87026.41564618386,-0.05285126891851111,-0.015953746750565823,0.009284005043766586,80350354656.0,0
2025-11-21 00:00:00+00:00,86528.7734375,87380.8046875,80659.8125,85090.6875,129157506112,0.0,0.0,23.455865085445403,98852.75234375,104334.2509264517,-5593.088486843946,-4333.187185785182,112670.55142637365,85034.95326112636,-0.017790340109098413,-0.05285126891851111,-0.015953746750565823,97970645638.0,0
2025-11-22 00:00:00+00:00,85098.5625,85503.0078125,83490.8984375,84648.359375,40793099246,0.0,0.0,23.08626999802362,97553.18906250001,103562.25517933595,-5914.825686110853,-4649.514885850316,111590.5983505672,83515.77977443281,-0.0051983141515926645,-0.017790340109098413,-0.05285126891851111,129157506112.0,1
2025-11-23 00:00:00+00:00,84648.609375,88038.46875,84641.7734375,86805.0078125,58083435576,0.0,0.0,28.963538590931854,96566.06328125001,102905.10822377376,-5927.453238258866,-4905.102556332026,110716.5260662935,82415.60049620652,0.025477734635657168,-0.0051983141515926645,-0.017790340109098413,40793099246.0,1
2025-11-24 00:00:00+00:00,86798.7734375,89206.3359375,85272.1953125,88270.5625,74433896110,0.0,0.0,32.72562440686658,95900.06523437501,102331.20446990027,-5752.886949477281,-5074.659434961077,110306.33690427395,81493.79356447607,0.01688329653360121,0.025477734635657168,-0.0051983141515926645,58083435576.0,0
2025-11-25 00:00:00+00:00,88269.9609375,88457.3359375,86131.4296875,87341.890625,64837343545,0.0,0.0,31.5841618183546,95072.56796875,101743.3882406885,-5624.640611264069,-5184.655670221675,109447.2318674941,80697.90407000588,-0.010520742688141405,0.01688329653360121,0.025477734635657168,74433896110.0,1
2025-11-26 00:00:00+00:00,87345.5859375,90581.15625,86316.8984375,90518.3671875,66496301869,0.0,0.0,39.37355917663016,94533.421875,101303.1913366419,-5206.6701007122465,-5189.058556319789,108732.21558612704,80334.62816387296,0.03636830551491177,-0.010520742688141405,0.01688329653360121,64837343545.0,1
2025-11-27 00:00:00+00:00,90517.765625,91897.578125,90089.515625,91285.375,57040622845,0.0,0.0,41.11687812292253,93929.0703125,100910.33579402849,-4758.679247280335,-5102.982694511898,107561.42058321692,80296.72004178308,0.008473504729832548,0.03636830551491177,-0.010520742688141405,66496301869.0,0
2025-11-28 00:00:00+00:00,91285.3828125,92969.0859375,90257.1171875,90919.265625,60895830289,0.0,0.0,40.51797272051753,93360.92773437501,100518.52912073326,-4382.664605733618,-4958.919076756243,106464.35788731053,80257.4975814395,-0.004010602738938163,0.008473504729832548,0.03636830551491177,57040622845.0,0
2025-11-29 00:00:00+00:00,90918.7421875,91187.6171875,90260.1875,90851.7578125,37921773455,0.0,0.0,40.401114488249,92667.53359375002,100139.44004982215,-4043.5065826615755,-4775.83657793731,104660.81333394501,80674.25385355503,-0.0007425028351905061,-0.004010602738938163,0.008473504729832548,60895830289.0,0
2025-11-30 00:00:00+00:00,90838.2109375,91965.046875,90394.3125,90394.3125,38497902869,0.0,0.0,39.56833652040507,91887.41953125001,99757.27818512324,-3768.1960016773664,-4574.3084626853215,102132.48237694515,81642.35668555487,-0.005035073877646679,-0.0007425028351905061,-0.004010602738938163,37921773455.0,0
2025-12-01 00:00:00+00:00,90389.109375,90398.15625,83862.25,86321.5703125,87962894424,0.0,0.0,33.03867180028212,91053.62460937501,99230.3876803145,-3834.445538636428,-4426.335877875543,100140.42753080226,81966.82168794775,-0.045055292472078956,-0.005035073877646679,-0.0007425028351905061,38497902869.0,1
2025-12-02 00:00:00+00:00,86322.5390625,92316.6328125,86202.1953125,91350.203125,78546798211,0.0,0.0,45.087890935557894,90537.97539062501,98921.36083500805,-3441.5085635914147,-4229.370415018717,98138.73285399924,82937.21792725078,0.05825464938016567,-0.045055292472078956,-0.005035073877646679,87962894424.0,1
2025-12-03 00:00:00+00:00,91345.09375,94060.7734375,91056.390625,93527.8046875,77650204986,0.0,0.0,49.33917639449437,90229.49101562501,98709.84882922343,-2920.7206828456983,-3967.6404685841135,96678.54269068009,83780.43934056994,0.023837949867722363,0.05825464938016567,-0.045055292472078956,78546798211.0,0
2025-12-04 00:00:00+00:00,93454.2578125,94038.2421875,90976.1015625,92141.625,64538402681,0.0,0.0,46.85254656928369,90116.6828125,98452.27142415584,-2589.989860377187,-3692.110346942728,96333.4818638573,83899.8837611427,-0.014821043775501641,0.023837949867722363,0.05825464938016567,77650204986.0,0
2025-12-05 00:00:00+00:00,92133.6484375,92702.640625,88152.140625,89387.7578125,63256398633,0.0,0.0,42.292296532351955,89808.61328125,98096.80030213013,-2521.036429122614,-3457.8955633787054,95478.5212315039,84138.7053309961,-0.029887330373216225,-0.014821043775501641,0.023837949867722363,64538402681.0,0
2025-12-06 00:00:00+00:00,89389.359375,90267.4609375,88951.6640625,89272.375,37994042405,0.0,0.0,42.10737120496178,89563.378125,97750.74440792894,-2447.4876525941363,-3255.813981221792,94848.98076547345,84277.77548452656,-0.0012908122468182626,-0.029887330373216225,-0.014821043775501641,63256398633.0,1
2025-12-07 00:00:00+00:00,89277.8125,91740.84375,87799.5625,90405.640625,47394898960,0.0,0.0,44.666536067151135,89478.96640625001,97462.7011223239,-2271.5694142587745,-3058.9650678291887,94647.02747941711,84310.9053330829,0.012694471554050235,-0.0012908122468182626,-0.029887330373216225,37994042405.0,1
2025-12-08 00:00:00+00:00,90424.5859375,92267.1171875,89644.890625,90640.203125,57394099056,0.0,0.0,45.20643947073876,89363.5328125,97195.15218125237,-2089.143365258031,-2865.000727314957,94303.35529476972,84423.71033023027,0.0025945560296725123,0.012694471554050235,-0.0012908122468182626,47394898960.0,1
2025-12-09 00:00:00+00:00,90639.703125,94601.5703125,89586.9765625,92691.7109375,66861721440,0.0,0.0,49.818267794573366,89424.81874999999,97018.54664228168,-1758.7560271206166,-2643.751787276089,94502.94696148024,84346.69053851975,0.022633530616329445,0.0025945560296725123,0.012694471554050235,57394099056.0,0
2025-12-10 00:00:00+00:00,92695.234375,94477.15625,91640.1328125,92020.9453125,65420694513,0.0,0.0,48.384328921951465,89694.27109375001,96822.5622764079,-1533.3711137409118,-2421.6756525690535,94720.04596615776,84668.49622134226,-0.007236522211271801,0.022633530616329445,0.0025945560296725123,66861721440.0,1
2025-12-11 00:00:00+00:00,92011.3046875,93554.265625,89335.296875,92511.3359375,64532834621,0.0,0.0,49.528122155403466,90065.30351562501,96653.49457684289,-1300.1936974036507,-2197.379261535973,94743.74305171848,85386.86397953154,0.005329119618741718,-0.007236522211271801,0.022633530616329445,65420694513.0,0
2025-12-12 00:00:00+00:00,92513.6640625,92747.9296875,89532.6015625,90270.4140625,80275884583,0.0,0.0,44.658054600163695,90346.40625000001,96403.17769392749,-1281.4508148328168,-2014.1935721953419,94268.95764604762,86423.8548539524,-0.024223213861206738,0.005329119618741718,-0.007236522211271801,64532834621.0,1
2025-12-13 00:00:00+00:00,90257.796875,90647.5703125,89800.9921875,90298.7109375,64237748110,0.0,0.0,44.73195616941262,90521.09140625001,96163.78684073426,-1249.9054915669694,-1861.3359560696674,94073.2862439285,86968.89656857152,0.00031346787642294593,-0.024223213861206738,0.005329119618741718,80275884583.0,0
2025-12-14 00:00:00+00:00,90296.4375,90498.109375,87634.9375,88175.1796875,50465972205,0.0,0.0,40.37469712675574,90516.32226562501,95850.50812884272,-1380.3450617539493,-1765.1377772065239,94081.47186234445,86951.17266890558,-0.023516739363752315,0.00031346787642294593,-0.024223213861206738,64237748110.0,0
2025-12-15 00:00:00+00:00,88171.078125,89983.921875,85304.078125,86419.78125,45559514323,0.0,0.0,37.15295630240303,90470.21679687501,95480.67570222143,-1606.8426623362757,-1733.4787542324743,94226.92316759028,86713.51042615974,-0.019908078936967,-0.023516739363752315,0.00031346787642294593,50465972205.0,1
2025-12-16 00:00:00+00:00,86424.40625,88170.09375,85381.6875,87843.984375,41262178223,0.0,0.0,41.249113871271426,90336.49765625001,95181.19761095784,-1652.3748048171838,-1717.2579643494164,94272.1154487786,86400.87986372142,0.01648005936140917,-0.019908078936967,-0.023516739363752315,45559514323.0,0
2025-12-17 00:00:00+00:00,87847.6171875,90264.5703125,85316.265625,86143.7578125,44243392914,0.0,0.0,38.059931537799905,90079.41679687501,94826.78820709675,-1804.8482626889308,-1734.7760240173195,94406.32289977821,85752.51069397181,-0.01935507109105894,0.01648005936140917,-0.019908078936967,41262178223.0,0
2025-12-18 00:00:00+00:00,86144.3671875,89412.6640625,84436.3125,85462.5078125,52667115348,0.0,0.0,36.83117811951379,89806.57890625001,94459.5615249557,-1958.0841825293028,-1779.4376557197163,94576.03755887135,85037.12025362867,-0.007908292107279613,-0.01935507109105894,0.01648005936140917,44243392914.0,1
2025-12-19 00:00:00+00:00,85476.1328125,89339.1171875,85107.6640625,88103.3828125,46733310561,0.0,0.0,44.33381927320146,89669.16015625001,94210.29961466332,-1845.1583740563365,-1792.5817993870405,94470.09306923619,84868.22724326384,0.03090097713717843,-0.007908292107279613,-0.01935507109105894,52667115348.0,1
2025-12-20 00:00:00+00:00,88101.671875,88497.203125,87924.875,88344.0,14688196659,0.0,0.0,44.97507950199881,89566.64453125001,93980.24864938241,-1716.461758454374,-1777.3577912005073,94389.88998626766,84743.39907623237,0.002731077738661547,0.03090097713717843,-0.007908292107279613,46733310561.0,1
2025-12-21 00:00:00+00:00,88344.703125,89027.953125,87613.203125,88621.75,19845522660,0.0,0.0,45.75193322460213,89681.65351562502,93770.11144744584,-1573.9135637980653,-1736.668945720019,94283.72026134185,85079.58676990819,0.0031439599746445612,0.002731077738661547,0.03090097713717843,14688196659.0,0
2025-12-22 00:00:00+00:00,88621.3984375,90501.9296875,87908.0703125,88490.015625,38047472118,0.0,0.0,45.42436750375548,89538.64414062501,93563.04886617347,-1454.802893468499,-1680.2957352697151,94099.97466013068,84977.31362111933,-0.0014864790528285043,0.0031439599746445612,0.002731077738661547,19845522660.0,0
2025-12-23 00:00:00+00:00,88490.03125,88898.3828125,86606.9765625,87414.0,43683011533,0.0,0.0,42.73309606367997,89232.95390625,93321.90969495098,-1430.7396216323104,-1630.3845125422342,93477.0588452158,84988.8489672842,-0.01215974047919599,-0.0014864790528285043,0.0031439599746445612,38047472118.0,1
2025-12-24 00:00:00+00:00,87404.3203125,87956.8828125,86411.796875,87611.9609375,25550297986,0.0,0.0,43.39752667061524,89006.470703125,93097.99013583527,-1379.7901501466113,-1580.26564006311,93076.91319371486,84936.02821253514,0.0022646365284737513,-0.01215974047919599,-0.0014864790528285043,43683011533.0,0
2025-12-25 00:00:00+00:00,87608.3203125,88501.7890625,86949.2578125,87234.7421875,19953216347,0.0,0.0,42.388296233778384,88898.819921875,92868.05884374368,-1354.239892998041,-1535.0604906500962,93040.06949398614,84757.57034976385,-0.004305562231041726,0.0022646365284737513,-0.01215974047919599,25550297986.0,1
2025-12-26 00:00:00+00:00,87235.5078125,89459.4296875,86628.140625,87301.4296875,42455674908,0.0,0.0,42.642249218882355,88800.27265625,92649.75966114589,-1313.4691514371953,-1490.742222807516,92997.51821873793,84603.02709376208,0.0007644603322913834,-0.004305562231041726,0.0022646365284737513,19953216347.0,1
2025-12-27 00:00:00+00:00,87301.4296875,87874.78125,87182.9765625,87802.15625,13741199310,0.0,0.0,44.61633127601254,88670.09843750001,92459.65756659115,-1226.6139540441072,-1437.9165690548346,92818.91583353904,84521.28104146098,0.005735605525503784,0.0007644603322913834,-0.004305562231041726,42455674908.0,1
2025-12-28 00:00:00+00:00,87799.34375,87986.890625,87394.953125,87835.8359375,15156557929,0.0,0.0,44.75406032841641,88529.880078125,92278.33122819541,-1141.899804900866,-1378.713216224041,92586.88740541603,84472.87275083398,0.00038358610925337544,0.005735605525503784,0.0007644603322913834,13741199310.0,0
2025-12-29 00:00:00+00:00,87835.7890625,90299.15625,86717.9140625,87138.140625,48411625849,0.0,0.0,42.40167076740466,88252.2015625,92076.75512610932,-1118.1718234649888,-1326.6049376722308,91843.29318945365,84661.10993554637,-0.007943173820266769,0.00038358610925337544,0.005735605525503784,15156557929.0,1
2025-12-30 00:00:00+00:00,87134.3515625,89297.9375,86735.546875,88430.1328125,35586356225,0.0,0.0,47.866452771233625,88072.6609375,91933.7503294972,-983.7739219301438,-1258.0387345238134,91199.42970695024,84945.89216804976,0.014826942349620564,-0.007943173820266769,0.00038358610925337544,48411625849.0,0
2025-12-31 00:00:00+00:00,88429.5859375,89080.2890625,87130.5625,87508.828125,33830210616,0.0,0.0,44.61573626061352,87822.53554687499,91760.22396853652,-940.7597129278583,-1194.5829302046225,90153.29378888286,85491.77730486712,-0.01041844740246467,0.014826942349620564,-0.007943173820266769,35586356225.0,1
2026-01-01 00:00:00+00:00,87508.046875,88803.2265625,87399.40625,88731.984375,18849043990,0.0,0.0,49.51749663633062,87745.61406249998,91641.46947467234,-798.7644954710559,-1115.419243257909,89824.11104305397,85667.117081946,0.013977518339667538,-0.01041844740246467,0.014826942349620564,33830210616.0,1
2026-01-02 00:00:00+00:00,88733.0625,90884.4609375,88298.6171875,89944.6953125,46398906171,0.0,0.0,53.87614035892732,87727.91328124999,91574.9293114499,-581.671478284421,-1008.6696902632116,89719.05679846219,85736.76976403779,0.013667122921255048,0.013977518339667538,-0.01041844740246467,18849043990.0,1
2026-01-03 00:00:00+00:00,89945.0546875,90679.5703125,89328.0703125,90603.1875,20774828592,0.0,0.0,56.092922600873884,87849.313671875,91536.82178943226,-352.42633045119874,-877.421018300809,90215.9454290628,85482.6819146872,0.007321078638514056,0.013667122921255048,0.013977518339667538,46398906171.0,1
2026-01-04 00:00:00+00:00,90603.0,91712.5859375,90595.1015625,91413.4921875,26770491368,0.0,0.0,58.72197196927615,88098.99921875,91531.98533445453,-104.162363995536,-722.7692874397545,90852.65481781715,85345.34361968286,0.008943445698309516,0.007321078638514056,0.013667122921255048,20774828592.0,1
2026-01-05 00:00:00+00:00,91414.625,94762.0703125,91414.625,93882.5546875,53376407252,0.0,0.0,65.50063086362475,88400.927734375,91624.16452477004,288.49572783151234,-520.5162843855012,92172.81001529814,84629.04545345186,0.027009825802690735,0.008943445698309516,0.007321078638514056,26770491368.0,0
2026-01-06 00:00:00+00:00,93876.9453125,94395.296875,91286.546875,93729.03125,52430605257,0.0,0.0,64.78819137837127,88780.19140625,91706.7083179163,580.5992494586098,-300.29317761667903,93084.3083602797,84476.0744522203,-0.0016352711961346023,0.027009825802690735,0.008943445698309516,53376407252.0,0
2026-01-07 00:00:00+00:00,93727.46875,93738.7890625,90601.8046875,91308.0546875,43461295053,0.0,0.0,54.68671373446644,89072.46875,91691.0748422137,609.7124337880086,-118.29205533574151,93219.00327030536,84925.93422969464,-0.025829527204251357,-0.0016352711961346023,0.027009825802690735,52430605257.0,0
2026-01-08 00:00:00+00:00,91309.640625,91485.8515625,89233.875,91027.125,42386697030,0.0,0.0,53.6415552603662,89218.65585937501,91665.03759349944,603.1632734046289,25.999010412332566,93427.02960680696,85010.28211194306,-0.003076724046541912,-0.025829527204251357,-0.0016352711961346023,43461295053.0,0
2026-01-09 00:00:00+00:00,91026.2734375,91910.671875,89625.3828125,90513.1015625,38305906684,0.0,0.0,51.69477498202014,89327.1109375,91619.86363149947,550.1537906437879,130.82996645862366,93552.34247441152,85101.87940058847,-0.005646925984974294,-0.003076724046541912,-0.025829527204251357,42386697030.0,0
2026-01-10 00:00:00+00:00,90510.1015625,90713.03125,90283.3984375,90386.6484375,12385895282,0.0,0.0,51.20246597358553,89415.355859375,91571.50225134262,492.2651569634327,203.11700455958547,93652.2639836525,85178.4477350975,-0.001397069847536736,-0.005646925984974294,-0.003076724046541912,38305906684.0,1
2026-01-11 00:00:00+00:00,90385.359375,91155.2265625,90212.0234375,90827.4609375,17165568977,0.0,0.0,52.886854417352474,89532.228125,91542.3241606037,476.4654849123035,257.7867006301291,93790.56257398767,85273.89367601232,0.004876964768804504,-0.001397069847536736,-0.005646925984974294,12385895282.0,1
2026-01-12 00:00:00+00:00,90825.859375,92395.5234375,90055.0234375,91192.9921875,41346275358,0.0,0.0,54.29567903648123,89721.177734375,91528.62486754081,487.81620641170593,303.7926017864445,93918.69369431851,85523.66177443149,0.004024457429802286,0.004876964768804504,-0.001397069847536736,17165568977.0,1
2026-01-13 00:00:00+00:00,91185.3359375,96011.625,90941.9296875,95321.78125,54980674354,0.0,0.0,66.48618160016471,90106.66875000001,91677.37609822549,820.5121532398771,407.13651207713104,94866.96095447354,85346.37654552648,0.04527528885126264,0.004024457429802286,0.004876964768804504,41346275358.0,1
2026-01-14 00:00:00+00:00,95322.90625,97860.6015625,94583.046875,96929.328125,60592490863,0.0,0.0,69.85728692849071,90591.398046875,91883.33500123626,1200.0581625412597,565.7208421699568,96044.32160524478,85138.4744885052,0.016864423365986925,0.04527528885126264,0.004024457429802286,54980674354.0,0
2026-01-15 00:00:00+00:00,96931.2890625,97150.171875,95103.2421875,95551.1875,53086363027,0.0,0.0,63.92110431887571,91003.8859375,92027.17235412897,1373.8102491729223,727.33872357055,96653.49658545683,85354.27528954318,-0.01421799419905967,0.016864423365986925,0.04527528885126264,60592490863.0,0
2026-01-16 00:00:00+00:00,95554.1015625,95801.890625,94259.2734375,95525.1171875,33248170537,0.0,0.0,63.81063898326306,91390.03398437498,92164.34666131999,1492.2051610732742,880.312011071095,97172.38881321157,85607.6791555384,-0.00027284132392391136,-0.01421799419905967,0.016864423365986925,53086363027.0,0
2026-01-17 00:00:00+00:00,95525.15625,95598.4765625,95005.6171875,95099.921875,16021715122,0.0,0.0,61.930822265177966,91753.23828124999,92279.46725793488,1534.0408060257032,1011.0577700620166,97508.08662019875,85998.38994230122,-0.004451136256293897,-0.00027284132392391136,-0.01421799419905967,33248170537.0,0
2026-01-18 00:00:00+00:00,95101.1796875,95491.5078125,93588.8671875,93634.4296875,20809781232,0.0,0.0,55.826435575236324,92078.052734375,92332.60303948646,1432.4307145380008,1095.3323589572135,97457.18381899953,86698.92164975047,-0.01541002514624834,-0.004451136256293897,-0.00027284132392391136,16021715122.0,0
2026-01-19 00:00:00+00:00,93655.671875,93660.828125,92089.25,92553.59375,39195241508,0.0,0.0,51.773206009967225,92284.22578125,92341.26934185954,1250.2771411269641,1126.3213153911638,97383.45516198566,87184.99640051434,-0.011543146480490485,-0.01541002514624834,-0.004451136256293897,20809781232.0,0
2026-01-20 00:00:00+00:00,92553.6015625,92798.4296875,87814.9296875,88310.90625,53072968031,0.0,0.0,39.614626929209635,92324.32968750001,92183.21588727682,754.868049239376,1052.0306621608063,97275.90243442894,87372.75694057108,-0.04584033237499219,-0.011543146480490485,-0.01541002514624834,39195241508.0,1
2026-01-21 00:00:00+00:00,88326.5078125,90430.40625,87231.5703125,89376.9609375,56330422434,0.0,0.0,43.22270234002863,92356.57851562502,92073.16667356007,443.1659375127638,930.2577172311978,97217.20622339976,87495.95080785028,0.012071608510981546,-0.04584033237499219,-0.011543146480490485,53072968031.0,1
2026-01-22 00:00:00+00:00,89378.5234375,90258.9609375,88438.4453125,89462.453125,35549685694,0.0,0.0,43.51418643975197,92332.46640625001,91970.78575008713,200.72444684359652,784.3510631536776,97247.94649640375,87416.98631609627,0.000956534957143873,0.012071608510981546,-0.04584033237499219,56330422434.0,1
2026-01-23 00:00:00+00:00,89462.046875,91100.25,88486.359375,89503.875,38997586037,0.0,0.0,43.665092175325405,92277.50078125001,91874.0441520445,11.794261027665925,629.8397027284752,97297.86637631625,87257.13518618378,0.00046300848627667257,0.000956534957143873,0.012071608510981546,35549685694.0,0
2026-01-24 00:00:00+00:00,89506.1484375,89811.609375,89044.2890625,89110.734375,14558687712,0.0,0.0,42.50443630405906,92162.362890625,91765.67906274863,-167.72401715892192,470.32695875099586,97368.35336331218,86956.3724179378,-0.00439244250598092,0.00046300848627667257,0.000956534957143873,38997586037.0,0
2026-01-25 00:00:00+00:00,89104.765625,89193.1484375,86003.7109375,86572.21875,36124986722,0.0,0.0,35.87369862190783,91796.84609374999,91562.01395244477,-508.9635269386199,274.46886161307276,97497.34839714112,86096.34379035886,-0.028487203509257375,-0.00439244250598092,0.00046300848627667257,14558687712.0,1
2026-01-26 00:00:00+00:00,86566.5234375,88743.0703125,86429.2890625,88267.140625,45329286974,0.0,0.0,42.3413497447811,91523.7515625,91432.80323372145,-635.30882204308,92.51332488184221,97356.30214089356,85691.20098410643,0.019578126787931138,-0.028487203509257375,-0.00439244250598092,36124986722.0,1
2026-01-27 00:00:00+00:00,88257.4765625,89427.125,87228.921875,89102.5703125,38744942267,0.0,0.0,45.27136519865473,91413.47734374998,91341.42155053631,-660.4133508623345,-58.07201026699312,97345.74335478994,85481.21133271002,0.009464787027023913,0.019578126787931138,-0.028487203509257375,45329286974.0,1
2026-01-28 00:00:00+00:00,89104.046875,90439.2890625,88721.4609375,89184.5703125,39807419296,0.0,0.0,45.56376840061683,91321.34960937499,91256.8391490447,-666.014752633957,-179.6605587403859,97335.54270227707,85307.1565164729,0.0009202877056453396,0.009464787027023913,0.019578126787931138,38744942267.0,0
2026-01-29 00:00:00+00:00,89169.8515625,89200.78125,83250.6015625,84561.5859375,64653083162,0.0,0.0,34.403718213209245,91023.77382812499,90994.28019957236,-1031.598481912195,-350.0481433747477,97752.81655720495,84294.73109904504,-0.05183614563372574,0.0009202877056453396,0.009464787027023913,39807419296.0,0
2026-01-30 00:00:00+00:00,84562.7265625,84602.1640625,81071.4765625,84128.65625,72083816087,0.0,0.0,33.574375410932134,90710.87421875,90725.04004468718,-1340.804074145446,-548.1993295288875,98112.98871861561,83308.7597188844,-0.005119696877728619,-0.05183614563372574,0.0009202877056453396,64653083162.0,0
2026-01-31 00:00:00+00:00,84126.5,84136.921875,75815.8828125,78621.1171875,70479259159,0.0,0.0,25.238991651140864,90100.55703125002,90250.37640322886,-2007.127194708286,-839.9849025647673,99265.22099905064,80935.8930634494,-0.06546567255435032,-0.005119696877728619,-0.05183614563372574,72083816087.0,0
2026-02-01 00:00:00+00:00,78626.125,79322.609375,75698.8984375,76974.4453125,53372509744,0.0,0.0,23.37078416883702,89389.62968750001,89729.75165457283,-2637.660419426087,-1199.5200059370313,100247.08506761857,78532.17430738146,-0.02094439679701987,-0.06546567255435032,-0.005119696877728619,70479259159.0,1
2026-02-02 00:00:00+00:00,76968.875,79258.609375,74551.3359375,78688.765625,75140589684,0.0,0.0,29.242876339451364,88557.97890625,89296.77181027587,-2964.8542267471494,-1552.586850099055,100032.76418260885,77083.19362989116,0.022271291537603544,-0.02094439679701987,-0.06546567255435032,53372509744.0,0
2026-02-03 00:00:00+00:00,78693.5078125,79118.8515625,72897.140625,75633.546875,68249110822,0.0,0.0,25.49347038451699,87493.18984374999,88760.95906771603,-3431.1362925770663,-1928.2967385946574,99630.31646151013,75356.06322598986,-0.03882661934945053,0.022271291537603544,-0.02094439679701987,75140589684.0,0
2026-02-04 00:00:00+00:00,75640.09375,76864.65625,71779.9296875,73019.703125,67215363944,0.0,0.0,22.80007202348856,86366.61562499999,88143.65491309972,-3965.8674832691468,-2335.810887529555,99496.64431945285,73236.58693054713,-0.03455931736640505,-0.03882661934945053,0.022271291537603544,68249110822.0,0
2026-02-05 00:00:00+00:00,73016.375,73161.5546875,62353.53515625,62702.09765625,125509410908,0.0,0.0,15.733812540690558,84725.4646484375,87145.94678538012,-5162.678197321133,-2901.184349487871,100890.09519574525,68560.83410112975,-0.14129892381358544,-0.03455931736640505,-0.03882661934945053,67215363944.0,1
2026-02-06 00:00:00+00:00,62704.453125,71681.3046875,60074.203125,70555.390625,114674259489,0.0,0.0,32.804503344695235,83498.2380859375,86495.33673987503,-5415.042956437959,-3403.956070877888,100068.29680223187,66928.17936964313,0.1252476912623226,-0.14129892381358544,-0.03455931736640505,125509410908.0,0
2026-02-07 00:00:00+00:00,70553.796875,71611.1484375,67364.4453125,69281.96875,62347107663,0.0,0.0,31.683676531348596,82280.61503906251,85820.3027010564,-5652.638253963247,-3853.6925074949604,99287.73635743395,65273.49372069107,-0.018048541205989532,0.1252476912623226,-0.14129892381358544,114674259489.0,1
2026-02-08 00:00:00+00:00,69283.7265625,72206.90625,68852.8984375,70264.7265625,39721722619,0.0,0.0,33.57005073213207,81166.1716796875,85210.28010738752,-5695.974251266962,-4222.148856249361,98259.77244023861,64072.570919136386,0.014184900201757111,-0.018048541205989532,0.1252476912623226,62347107663.0,0
2026-02-09 00:00:00+00:00,70243.328125,71369.96875,68291.03125,70120.78125,52081598792,0.0,0.0,33.424470100923095,80256.6654296875,84618.53505415663,-5676.498385179933,-4513.018762035476,97682.10070087129,62831.23015850371,-0.00204861414171964,0.014184900201757111,-0.018048541205989532,39721722619.0,0
2026-02-10 00:00:00+00:00,70137.390625,70464.265625,67913.09375,68793.9609375,40593063077,0.0,0.0,32.04500349410768,79227.51542968751,83997.9635201701,-5702.3932912635355,-4750.893667881088,96815.47981343539,61639.55104593963,-0.018921927121284043,-0.00204861414171964,0.014184900201757111,52081598792.0,0
2026-02-11 00:00:00+00:00,68791.859375,69242.6796875,65757.3046875,66991.96875,49671946030,0.0,0.0,30.220780946046844,78103.9912109375,83331.06176447716,-5801.445448693572,-4961.004024043585,95809.51727396419,60398.465147910814,-0.02619404614799148,-0.018921927121284043,-0.00204861414171964,40593063077.0,0
2026-02-12 00:00:00+00:00,66992.1953125,68339.4921875,65092.109375,66221.84375,44651071271,0.0,0.0,29.44919566359992,76939.8896484375,82660.11203841923,-5874.371549828851,-5143.677529200638,94550.78508861734,59328.99420825766,-0.011495780977477277,-0.02619404614799148,-0.018921927121284043,49671946030.0,1
2026-02-13 00:00:00+00:00,66213.375,69382.8359375,65835.78125,68857.84375,40820775886,0.0,0.0,35.51777628220723,75927.2451171875,82118.84661534397,-5654.283776646189,-5245.798778689748,92909.36145102807,58945.128783346925,0.039805596623848194,-0.011495780977477277,-0.02619404614799148,44651071271.0,1
2026-02-14 00:00:00+00:00,68856.984375,70481.1640625,68706.6171875,69767.625,36012397645,0.0,0.0,37.5154923734178,75087.01542968751,81634.4849833697,-5344.838911313374,-5265.606805214475,91505.03534283952,58668.995516535506,0.013212456278809848,0.039805596623848194,-0.011495780977477277,40820775886.0,0
2026-02-15 00:00:00+00:00,69764.953125,70939.2890625,68052.546875,68788.1875,40191152750,0.0,0.0,36.214714164745914,74113.0677734375,81130.70861147284,-5119.618274242777,-5236.409099020135,89518.85682381535,58707.278723059666,-0.014038567315427408,0.013212456278809848,0.039805596623848194,36012397645.0,1
2026-02-16 00:00:00+00:00,68782.3984375,70067.234375,67301.5859375,68843.15625,33618145426,0.0,0.0,36.348105540763456,73100.0970703125,80648.84381298372,-4880.4351594525215,-5165.2143111066125,86940.70616434816,59259.487976276854,0.000799101589935125,-0.014038567315427408,0.013212456278809848,40191152750.0,0
2026-02-17 00:00:00+00:00,68843.09375,69201.8671875,66615.28125,67494.21875,34866936040,0.0,0.0,34.44445505055453,72015.5794921875,80132.97616345494,-4745.031036360975,-5081.177656157485,83795.25610435398,60235.902880021036,-0.019594358734823403,0.000799101589935125,-0.014038567315427408,33618145426.0,0
2026-02-18 00:00:00+00:00,67488.0234375,68434.4296875,65845.8984375,66425.3203125,33094301643,0.0,0.0,32.97090269903732,71108.76621093752,79595.42103204495,-4670.139008595681,-4998.969926645124,81536.62589539049,60680.906526484556,-0.015836888807606253,-0.019594358734823403,0.000799101589935125,34866936040.0,1
2026-02-19 00:00:00+00:00,66425.625,67277.125,65637.4296875,66957.5234375,31492987019,0.0,0.0,34.473994842680725,70250.20957031251,79099.81720480788,-4515.787010960805,-4902.33334350826,78827.89314211128,61672.525998513745,0.008012052068341324,-0.015836888807606253,-0.019594358734823403,33094301643.0,1
2026-02-20 00:00:00+00:00,66958.578125,68269.03125,66452.484375,68005.421875,47507867304,0.0,0.0,37.448314926252685,69719.4248046875,78664.74287814875,-4259.800960694614,-4773.826866945531,77380.96843832612,62057.88117104888,0.015650197075734784,0.008012052068341324,-0.015836888807606253,31492987019.0,0
2026-02-21 00:00:00+00:00,68000.25,68657.703125,67533.0703125,68003.765625,18357635642,0.0,0.0,37.44542182175095,69270.8908203125,78246.6653388096,-4010.829471617748,-4621.227387879974,76154.98309602495,62386.79854460006,-2.435467576455963e-05,0.015650197075734784,0.008012052068341324,47507867304.0,0
2026-02-22 00:00:00+00:00,67998.828125,68235.2265625,67185.6015625,67659.390625,17893536012,0.0,0.0,36.80866686057692,68719.4220703125,77831.47809513079,-3797.530390755608,-4456.487988455101,74009.41584377784,63429.42829684717,-0.005064057803784272,-2.435467576455963e-05,0.015650197075734784,18357635642.0,0
2026-02-23 00:00:00+00:00,67668.4296875,67668.4296875,63924.4375,64616.73828125,50953457309,0.0,0.0,31.682441943020358,68168.581640625,77313.25300439037,-3829.857732137054,-4331.161937191491,72661.44266707837,63675.72061417161,-0.04497014110892317,-0.005064057803784272,-2.435467576455963e-05,17893536012.0,0
2026-02-24 00:00:00+00:00,64616.015625,64992.15625,62553.1875,64080.04296875,40849331086,0.0,0.0,30.865885036606652,67721.5986328125,76794.303591228,-3854.353620175083,-4235.80027378821,71953.54340397127,63489.65386165373,-0.008305824880296298,-0.04497014110892317,-0.005064057803784272,50953457309.0,1
2026-02-25 00:00:00+00:00,64077.76953125,69953.53125,63942.484375,67960.125,53629234355,0.0,0.0,42.42001270467066,67984.5,76447.86521510142,-3520.0990841487655,-4092.660035860321,71495.3435270985,64473.65647290149,0.060550552894326426,-0.008305824880296298,-0.04497014110892317,40849331086.0,0
2026-02-26 00:00:00+00:00,67954.8671875,68843.3515625,66523.734375,67453.7734375,42988597523,0.0,0.0,41.44652863959757,67829.419140625,76095.15573362686,-3258.4963776136283,-3925.8273042109827,71129.81134731631,64529.0269339337,-0.007450715585058165,0.060550552894326426,-0.008305824880296298,53629234355.0,0
2026-02-27 00:00:00+00:00,67456.515625,68220.40625,64946.03515625,65881.796875,40283655942,0.0,0.0,38.49314386874071,67659.410546875,75694.63185681797,-3141.8029700420593,-3769.022437377198,70994.86822377422,64323.9528699758,-0.023304501473983996,-0.007450715585058165,0.060550552894326426,42988597523.0,1
2026-02-28 00:00:00+00:00,65878.9296875,67714.5234375,63062.21875,66995.859375,42041497112,0.0,0.0,41.665663403770466,67495.9671875,75353.50352419766,-2925.7014060467627,-3600.358231111111,70606.67616322216,64385.258211777844,0.016910019957618205,-0.023304501473983996,-0.007450715585058165,40283655942.0,0
2026-03-01 00:00:00+00:00,67005.8828125,68162.8203125,65076.73046875,65738.1015625,40733141929,0.0,0.0,39.206906970384836,67276.833203125,74976.42893746443,-2823.383693873271,-3444.9633236635427,70222.06923891608,64331.59716733392,-0.018773664883674046,0.016910019957618205,-0.023304501473983996,42041497112.0,1
2026-03-02 00:00:00+00:00,65734.078125,70044.0,65303.13671875,68775.8515625,56698092052,0.0,0.0,47.29633336859537,67275.927734375,74733.269040407,-2468.7172960863827,-3249.714118148111,70219.21039111055,64332.64507763944,0.04620988327616793,-0.018773664883674046,0.016910019957618205,40733141929.0,0
2026-03-03 00:00:00+00:00,68785.078125,69232.890625,66237.6171875,68293.6484375,47947999049,0.0,0.0,46.24440691603219,67341.01171875,74480.73489911653,-2201.1775779218733,-3040.0068101028637,70315.26049651453,64366.76294098547,-0.007011227255569463,0.04620988327616793,-0.018773664883674046,56698092052.0,1
2026-03-04 00:00:00+00:00,68290.5625,74051.8046875,67437.40625,72710.578125,75073101274,0.0,0.0,55.916292743453,67665.4484375,74411.31698640609,-1614.1343754804839,-2754.832323178388,71434.95944226737,63895.93743273263,0.06467555605177866,-0.007011227255569463,0.04620988327616793,47947999049.0,0
2026-03-05 00:00:00+00:00,72712.65625,73555.7890625,70654.8828125,70841.125,51172841727,0.0,0.0,51.678171111258514,67764.61249999999,74271.30945752742,-1284.9357125935785,-2460.8530010614263,71763.56519431635,63765.65980568363,-0.025710882421896564,0.06467555605177866,-0.007011227255569463,75073101274.0,0
2026-03-06 00:00:00+00:00,70842.15625,71378.5703125,67757.8203125,68136.4921875,43776962871,0.0,0.0,46.220042070316325,67683.055859375,74030.72838811457,-1228.1275747181498,-2214.3079157927714,71575.11020281218,63791.00151593783,-0.03817885179689062,-0.025710882421896564,0.06467555605177866,51172841727.0,0
2026-03-07 00:00:00+00:00,68136.6875,68515.1640625,66969.2578125,67272.59375,23258701211,0.0,0.0,44.59969657230784,67607.276171875,73765.70350034536,-1238.5389936223946,-2019.1541313586963,71467.62045124873,63746.931892501256,-0.01267893913767526,-0.03817885179689062,-0.025710882421896564,43776962871.0,0
2026-03-08 00:00:00+00:00,67272.5,68177.7890625,65639.1953125,65969.78125,33195080116,0.0,0.0,42.19718922029222,67463.607421875,73459.98105915535,-1336.5097463978163,-1882.6252543665205,71344.10931954844,63583.10552420156,-0.01936617019467901,-0.01267893913767526,-0.03817885179689062,23258701211.0,1
2026-03-09 00:00:00+00:00,65969.5859375,69474.9453125,65858.0078125,68402.3828125,49499875378,0.0,0.0,47.8464361701802,67509.015625,73261.643873012,-1203.982892487984,-1746.8967819908132,71412.21337548712,63605.81787451288,0.03687448277691541,-0.01936617019467901,-0.01267893913767526,33195080116.0,1
2026-03-10 00:00:00+00:00,68402.71875,71770.8984375,68402.71875,69926.921875,54003996096,0.0,0.0,51.07371229968289,67684.095703125,73130.87046132525,-964.8150573166058,-1590.4804370559718,71695.26011355208,63672.93129269792,0.022287806357257578,0.03687448277691541,-0.01936617019467901,49499875378.0,1
2026-03-11 00:00:00+00:00,69931.25,71337.6640625,68998.8671875,70204.8828125,45236859848,0.0,0.0,51.661038460905424,67846.463671875,73016.12584764582,-744.2642848054966,-1421.237206605877,71994.36188165001,63698.565462099985,0.003975020350486469,0.022287806357257578,0.03687448277691541,54003996096.0,1
2026-03-12 00:00:00+00:00,70209.765625,70775.828125,69230.15625,70493.4609375,40871848129,0.0,0.0,52.301228042354865,67970.865625,72917.19781195383,-539.9659740369098,-1244.9829600920837,72284.75610987665,63656.97514012337,0.004110513591636167,0.003975020350486469,0.022287806357257578,45236859848.0,1
2026-03-13 00:00:00+00:00,70497.046875,73927.328125,70410.7265625,70968.265625,61167226505,0.0,0.0,53.394885057805105,68119.090625,72840.76909873995,-335.87357914372114,-1063.1610839024113,72636.65294242572,63601.52830757428,0.006735442992662266,0.004110513591636167,0.003975020350486469,40871848129.0,1
2026-03-14 00:00:00+00:00,70965.3828125,71291.203125,70339.5859375,71214.625,22283546496,0.0,0.0,53.98443082105028,68296.85234375001,72776.99874192663,-152.49191130268446,-881.027249382466,73013.64827988503,63580.05640761498,0.0034714019404360474,0.006735442992662266,0.004110513591636167,61167226505.0,1
2026-03-15 00:00:00+00:00,71213.6796875,73173.0078125,70882.421875,72789.9140625,27991268669,0.0,0.0,57.67158886610505,68705.5111328125,72777.50522508637,118.5850689009967,-681.1047857257736,73495.48097158886,63915.54129403616,0.022120302711697182,0.0034714019404360474,0.006735442992662266,22283546496.0,1
2026-03-16 00:00:00+00:00,72798.171875,74901.859375,72300.6328125,74861.0859375,55572438409,0.0,0.0,61.9846580301962,69244.56328125,72859.214272632,494.83760958592757,-445.9163066634334,74263.84617367665,64225.28038882335,0.028454105238008953,0.022120302711697182,0.0034714019404360474,27991268669.0,0
2026-03-17 00:00:00+00:00,74855.296875,75988.3984375,73444.2265625,73922.4765625,49500721728,0.0,0.0,59.04825956688608,69542.680859375,72900.91083301898,709.1083667084749,-214.91137198905173,74935.13782781553,64150.223890934474,-0.01253801442025071,0.028454105238008953,0.022120302711697182,55572438409.0,0
2026-03-18 00:00:00+00:00,73936.8515625,74658.9765625,70503.859375,71245.578125,46229011155,0.0,0.0,51.54803023252366,69732.27109375,72835.99582486138,655.3615532949916,-40.85678693224307,75081.95378938706,64382.58839811292,-0.0362122396594321,-0.01253801442025071,0.028454105238008953,49500721728.0,0
2026-03-19 00:00:00+00:00,71250.3515625,71598.84375,68805.5234375,69912.7890625,44631433398,0.0,0.0,48.26118232752607,69933.82070312499,72721.3602655531,499.4643634035601,67.20744313491758,74967.07304939788,64900.56835685211,-0.01870697238447039,-0.0362122396594321,-0.01253801442025071,46229011155.0,1
2026-03-20 00:00:00+00:00,69911.53125,71346.796875,69398.8828125,70522.5859375,38299078407,0.0,0.0,49.83718831286233,70110.15703125001,72635.13382131573,420.275553791711,137.82106526627626,74953.55462807264,65266.759434427375,0.008722250723753211,-0.01870697238447039,-0.0362122396594321,44631433398.0,0
2026-03-21 00:00:00+00:00,70522.46875,71051.2734375,68602.9140625,68711.5234375,21109354718,0.0,0.0,45.41280619245049,70258.828125,72481.2667474406,208.97135191586858,152.05112259619474,74703.27164258373,65814.38460741627,-0.025680602546325204,0.008722250723753211,-0.01870697238447039,38299078407.0,0
2026-03-22 00:00:00+00:00,68737.4453125,69561.7734375,67372.875,67845.2109375,30108051508,0.0,0.0,43.42679058743024,70212.29609375,72299.46063724686,-28.06936296596541,116.02702548376273,74740.80567089598,65683.78651660403,-0.012607965253281006,-0.025680602546325204,0.008722250723753211,21109354718.0,1
2026-03-23 00:00:00+00:00,67843.0,71782.2578125,67458.84375,70914.859375,51508669357,0.0,0.0,51.51752334310968,70343.356640625,72245.1625485313,31.40709603506548,99.10303959402329,74789.02855598438,65897.68472526563,0.04524488014825101,-0.012607965253281006,-0.025680602546325204,30108051508.0,0
2026-03-24 00:00:00+00:00,70912.671875,71371.3046875,68920.6953125,70517.859375,40181522399,0.0,0.0,50.51139597786353,70233.72070312501,72177.42516917714,45.97803005541209,88.47803768630105,74539.53823837731,65927.90316787272,-0.005598262529164066,0.04524488014825101,-0.012607965253281006,51508669357.0,1
2026-03-25 00:00:00+00:00,70520.046875,71985.7421875,70383.59375,71309.8828125,35409791747,0.0,0.0,52.50429164953494,70257.15859375,72143.40390028784,120.05139468610287,94.79270908626142,74581.95868731472,65932.35850018529,0.011231529778693128,-0.005598262529164066,0.04524488014825101,40181522399.0,0
2026-03-26 00:00:00+00:00,71310.1171875,71410.390625,68118.3515625,68791.625,38962070215,0.0,0.0,46.141883588868545,70289.915234375,72011.96159047262,-24.168688092540833,71.00042965050098,74556.61883173948,66023.21163701052,-0.03531428903229905,0.011231529778693128,-0.005598262529164066,35409791747.0,0
2026-03-27 00:00:00+00:00,68790.8359375,69117.53125,65532.5703125,66338.375,46483453594,0.0,0.0,40.93744646237849,70243.204296875,71789.46799868939,-332.58705849639955,-9.717067978879136,74666.57312717297,65819.83546657703,-0.035662044616623034,-0.03531428903229905,0.011231529778693128,38962070215.0,0
2026-03-28 00:00:00+00:00,66338.5,67232.859375,65906.7421875,66319.6953125,20924883455,0.0,0.0,40.89961874034776,70260.70000000001,71574.96710903491,-571.925334499465,-122.1587212829963,74615.13070935916,65906.26929064086,-0.0002815819275042708,-0.035662044616623034,-0.03531428903229905,46483453594.0,0
2026-03-29 00:00:00+00:00,66319.6953125,67052.953125,64971.70703125,65954.921875,21645889785,0.0,0.0,40.11998877105165,70138.32695312501,71354.57317828845,-782.0221459320746,-254.13140621281198,74836.63452193135,65440.01938431867,-0.005500227885263609,-0.0002815819275042708,-0.035662044616623034,20924883455.0,1
2026-03-30 00:00:00+00:00,65958.3515625,68087.2890625,65759.8046875,66691.4453125,37694994180,0.0,0.0,42.50319184703056,69976.553125,71171.70541884577,-878.9619701777701,-379.09751900580363,74921.82906452761,65031.2771854724,0.011167073154841889,-0.005500227885263609,-0.0002815819275042708,21645889785.0,1
2026-03-31 00:00:00+00:00,66694.5859375,68495.2734375,65950.4375,68233.3125,42997691338,0.0,0.0,47.237430961972784,69877.974609375,71056.47432398907,-821.8973620206671,-467.65748760877636,74882.33546590879,64873.613752841215,0.02311941479563351,0.011167073154841889,-0.005500227885263609,37694994180.0,0
2026-04-01 00:00:00+00:00,68232.890625,69230.359375,67555.359375,68078.5546875,36465393617,0.0,0.0,46.82072008052918,69757.229296875,70939.69316177382,-780.1676242961985,-530.1595149462609,74815.30738084395,64699.151212906036,-0.002268068291422898,0.02311941479563351,0.011167073154841889,42997691338.0,0
2026-04-02 00:00:00+00:00,68077.8984375,68633.1484375,65725.2578125,66888.5703125,39323384518,0.0,0.0,43.633295303142525,69553.24453125,70780.8255990572,-833.5101146910456,-590.8296348952179,74733.26954094801,64373.21952155201,-0.017479577533077273,-0.002268068291422898,0.02311941479563351,36465393617.0,1
2026-04-03 00:00:00+00:00,66889.015625,67296.234375,66281.5390625,66931.1015625,22815543346,0.0,0.0,43.78060779403824,69339.06835937501,70629.85602899613,-862.4111671121791,-645.1459413386101,74583.67763717737,64094.45908157265,0.0006358522809097877,-0.017479577533077273,-0.002268068291422898,39323384518.0,1
2026-04-04 00:00:00+00:00,66938.6484375,67515.015625,66769.640625,67290.515625,15878814963,0.0,0.0,45.08667718883116,69064.09843750001,70498.90150334923,-846.5551870476775,-685.4277904804236,74120.18833187222,64008.00854312779,0.005369911059425414,0.0006358522809097877,-0.017479577533077273,22815543346.0,1
2026-04-05 00:00:00+00:00,67291.1953125,69087.65625,66610.6328125,68981.8984375,22972648674,0.0,0.0,50.87096472860807,68770.1390625,70439.41118704143,-689.5599334410363,-686.2542190725462,73027.70605555596,64512.572069444046,0.02513553056906015,0.005369911059425414,0.0006358522809097877,15878814963.0,0
2026-04-06 00:00:00+00:00,68982.9140625,70305.421875,68347.078125,68859.828125,39542143229,0.0,0.0,50.457866002351885,68517.00664062501,70377.4667532359,-568.4375239664369,-662.6908800513244,72019.8658120553,65014.14746919472,-0.0017695992030517527,0.02513553056906015,0.005369911059425414,22972648674.0,1
2026-04-07 00:00:00+00:00,68859.375,72732.4296875,67740.5078125,71940.703125,44650511480,0.0,0.0,59.41549110452053,68551.76289062502,70438.77014036391,-221.2953225379897,-574.4117685486575,72180.16087303642,64923.3649082136,0.04474125312086663,-0.0017695992030517527,0.02513553056906015,39542143229.0,0
2026-04-08 00:00:00+00:00,71950.1484375,72825.1875,70707.46875,71123.359375,42444631703,0.0,0.0,56.49699656650321,68612.29140625,70465.6167770163,-11.997141105006449,-461.9288430599273,72374.2193506057,64850.36346189432,-0.011361353371537541,0.04474125312086663,-0.0017695992030517527,44650511480.0,1
2026-04-09 00:00:00+00:00,71120.5703125,73107.265625,70486.359375,71767.828125,38799581473,0.0,0.0,58.238857065461296,68674.55351562501,70516.68388870194,203.53024766562157,-328.83702491481756,72606.959748588,64742.14728266202,0.009061281070850802,-0.011361353371537541,0.04474125312086663,42444631703.0,1
2026-04-10 00:00:00+00:00,71774.3671875,73440.1171875,71434.828125,72979.046875,37722595732,0.0,0.0,61.36947550431005,68887.9296875,70613.24714306656,466.69274316779047,-169.73107129829594,73266.58239307697,64509.27698192304,0.016876904061948084,0.009061281070850802,-0.011361353371537541,38799581473.0,1
2026-04-11 00:00:00+00:00,72976.125,73784.234375,72556.3359375,73054.2734375,23287073965,0.0,0.0,61.56220560017331,69148.3828125,70708.9736644169,673.5567290379258,-1.0735112310516115,73871.99180176335,64424.773823236654,0.0010307967248304184,0.016876904061948084,0.009061281070850802,37722595732.0,0
2026-04-12 00:00:00+00:00,73056.046875,73154.03125,70540.5703125,70753.40625,29882740487,0.0,0.0,52.87338096914286,69140.31015625001,70710.7161187535,644.4088314542751,128.02295730601372,73851.74409552825,64428.87621697177,-0.031495312720733026,0.0010307967248304184,0.016876904061948084,23287073965.0,1
2026-04-13 00:00:00+00:00,70757.6171875,74896.3125,70588.5234375,74484.640625,52278211554,0.0,0.0,62.19242468977814,69338.64921875001,70858.71315821414,911.8767953821371,284.79372492123844,74596.54763851575,64080.75079898426,0.05273575609654846,-0.031495312720733026,0.0010307967248304184,29882740487.0,0
2026-04-14 00:00:00+00:00,74478.3984375,76061.7578125,73877.203125,74181.609375,53540826530,0.0,0.0,61.13508351130149,69482.235546875,70989.02281377438,1086.8662765748304,445.2082352519568,75110.58980827495,63853.88128547506,-0.004068372317531099,0.05273575609654846,-0.031495312720733026,52278211554.0,1
2026-04-15 00:00:00+00:00,74182.0234375,75409.2734375,73549.203125,74805.078125,38090174312,0.0,0.0,62.54595776898204,69782.908203125,71138.67204166559,1261.3157558389066,608.4297393693467,75878.97932434046,63686.83708190955,0.008404626904874313,-0.004068372317531099,0.05273575609654846,53540826530.0,1
2026-04-16 00:00:00+00:00,74810.875,75506.5703125,73346.265625,75152.1328125,41312783855,0.0,0.0,63.343672173389685,70223.59609375,71296.0626601297,1411.3040037712926,769.0045922497359,76541.48285529285,63905.70933220716,0.004639453579876829,0.008404626904874313,-0.004068372317531099,38090174312.0,1
2026-04-17 00:00:00+00:00,75164.0390625,78320.6796875,74558.6015625,77126.875,54137194839,0.0,0.0,67.57542423197064,70763.955078125,71524.72196757559,1670.2622186325898,949.2561175263068,77510.09789938854,64017.812256861456,0.02627659540184779,0.004639453579876829,0.008404626904874313,41312783855.0,0
2026-04-18 00:00:00+00:00,77136.046875,77416.703125,75504.9453125,75726.2109375,26014416776,0.0,0.0,62.09938185419454,71252.51953125,71689.48624090596,1742.38149630306,1107.8811932816575,77947.33893373069,64557.700128769306,-0.01816051878803593,0.02627659540184779,0.004639453579876829,54137194839.0,0
2026-04-19 00:00:00+00:00,75723.6953125,76243.09375,73802.3828125,73856.3515625,30931515195,0.0,0.0,55.619531324721244,71610.76484375,71774.4613515567,1629.866433266492,1212.2782412786244,78039.44452469054,65182.085162809475,-0.024692366775663332,-0.01816051878803593,0.02627659540184779,26014416776.0,1
2026-04-20 00:00:00+00:00,73854.25,76575.359375,73775.5703125,75872.5234375,39674447916,0.0,0.0,60.415793788178476,71992.72539062501,71935.16966865252,1683.9738533003256,1306.6173636829647,78483.93655618322,65501.5142250668,0.027298557704868998,-0.024692366775663332,-0.01816051878803593,30931515195.0,1
2026-04-21 00:00:00+00:00,75872.828125,76881.4765625,74852.671875,76352.7734375,36453522626,0.0,0.0,61.48357322124921,72406.43632812501,72108.40903213674,1745.4856626909313,1394.391023484558,78901.96204749255,65910.91060875748,0.0063296958930805225,0.027298557704868998,-0.024692366775663332,39674447916.0,1
2026-04-22 00:00:00+00:00,76354.21875,79468.0,76159.578125,78203.1015625,48336654537,0.0,0.0,65.36057777083832,72972.16289062501,72347.41658234707,1921.3916240346734,1499.7911435945812,79414.86353169722,66529.4622495528,0.024233934691509473,0.0063296958930805225,0.027298557704868998,36453522626.0,1
2026-04-23 00:00:00+00:00,78203.875,78676.9375,77014.453125,78268.953125,40354900916,0.0,0.0,65.49370004587314,73539.05546875001,72579.63370166678,2042.5666001696954,1608.3462349096042,79734.11429399013,67343.99664350989,0.0008420581944230676,0.024233934691509473,0.0063296958930805225,48336654537.0,0
2026-04-24 00:00:00+00:00,78263.8203125,78554.09375,77318.4453125,77455.3125,32784213526,0.0,0.0,62.30750975745975,74047.2953125,72770.8367917975,2049.3213424387795,1696.5412564154394,79730.61800556688,68363.97261943313,-0.010395445352393673,0.0008420581944230676,0.024233934691509473,40354900916.0,1
2026-04-25 00:00:00+00:00,77457.2109375,77882.640625,77184.6640625,77612.015625,16702933134,0.0,0.0,62.68403712793476,74478.801171875,72960.68694211917,2043.7599642457499,1765.9849979815015,79844.39888186433,69113.20346188569,0.0020231423764509593,-0.010395445352393673,0.0008420581944230676,32784213526.0,1
2026-04-26 00:00:00+00:00,77613.1171875,78923.5625,77334.890625,78657.5390625,21482934750,0.0,0.0,65.18307550132172,74968.68671875,73184.0929076243,2099.5156263253302,1832.6911236502674,79949.49239247385,69987.88104502615,0.013471154293320797,0.0020231423764509593,-0.010395445352393673,16702933134.0,0
2026-04-27 00:00:00+00:00,78661.015625,79488.171875,76481.34375,77366.625,38135631927,0.0,0.0,59.85323578080852,75239.9828125,73348.11377399198,2016.293833779986,1869.4116656762112,80116.33631322448,70363.62931177553,-0.01641182876919478,0.013471154293320797,0.0020231423764509593,21482934750.0,0
2026-04-28 00:00:00+00:00,77368.1171875,77483.8671875,75673.6015625,76350.671875,32056900880,0.0,0.0,55.974162970603395,75501.34843750001,73465.8611505021,1847.0691734236025,1864.9431672256896,79993.92039628011,71008.77647871991,-0.013131671764148978,-0.01641182876919478,0.013471154293320797,38135631927.0,0
2026-04-29 00:00:00+00:00,76350.6875,77884.96875,74958.5703125,75776.1328125,41460907886,0.0,0.0,53.84873506922439,75701.76367187501,73556.4600392079,1647.6043527919828,1821.4754043389485,79836.42385719628,71567.10348655375,-0.007525003361340765,-0.013131671764148978,-0.01641182876919478,32056900880.0,1
2026-04-30 00:00:00+00:00,75778.6328125,76611.484375,75318.984375,76304.3203125,29497862305,0.0,0.0,55.520858775676864,75868.02734375001,73664.21926561151,1514.686993575844,1760.1177221863277,79804.36911608133,71931.6855714187,0.00697036758667724,-0.007525003361340765,-0.013131671764148978,41460907886.0,1
2026-05-01 00:00:00+00:00,76305.0546875,78894.9765625,76294.6953125,78179.0,39164328894,0.0,0.0,60.931351543191674,76124.263671875,73841.2694904895,1542.835168764621,1716.6612115019866,79955.17612500457,72293.35121874543,0.024568460603834108,0.00697036758667724,-0.007525003361340765,29497862305.0,1
2026-05-02 00:00:00+00:00,78177.75,79119.7890625,78031.9609375,78657.25,16761531851,0.0,0.0,62.194763477838926,76519.455859375,74030.13147125463,1585.4574123596394,1690.4204516735174,79568.41949876279,73470.49221998721,0.006117371672699878,0.024568460603834108,0.00697036758667724,39164328894.0,0
2026-05-03 00:00:00+00:00,78656.7265625,79402.359375,78073.078125,78538.2265625,20544392639,0.0,0.0,61.66034101578432,76722.13515625,74206.91951404857,1591.2882701636117,1670.5940153715364,79740.33384243364,73703.93647006637,-0.00151319093281288,0.006117371672699878,0.024568460603834108,16761531851.0,1
2026-05-04 00:00:00+00:00,78540.2890625,80742.359375,78217.9609375,79827.90625,54325085296,0.0,0.0,65.15427315002523,77004.45,74427.35036643883,1680.6026977004658,1672.5957518373225,80077.85870732112,73931.04129267887,0.016421044171065935,-0.00151319093281288,0.006117371672699878,20544392639.0,1
2026-05-05 00:00:00+00:00,79823.53125,81751.453125,79787.578125,80927.0546875,39700107376,0.0,0.0,67.84388130517279,77310.54882812501,74682.24073197064,1819.1075781330292,1701.898117096464,80667.97284627667,73953.12480997336,0.013768974900303155,0.016421044171065935,-0.00151319093281288,54325085296.0,1
2026-05-06 00:00:00+00:00,80930.734375,82792.2109375,80751.0234375,81427.53125,41751540000,0.0,0.0,69.01656563316806,77624.31875,74946.76192875611,1946.8162834219984,1750.8817503615708,81291.10163556645,73957.53586443356,0.006184292316489204,0.013768974900303155,0.016421044171065935,39700107376.0,0
2026-05-07 00:00:00+00:00,81428.8515625,81684.953125,79522.65625,80009.9921875,36931193154,0.0,0.0,62.107812049892,77768.47460937499,75145.31997811861,1911.6069816293311,1783.026796615123,81576.87332515208,73960.0758935979,-0.017408596831308243,0.006184292316489204,0.013768974900303155,41751540000.0,1
2026-05-08 00:00:00+00:00,80009.625,80447.265625,79205.515625,80186.765625,33789351540,0.0,0.0,62.61045910922615,77991.50234374999,75343.02372897671,1876.3382361321856,1801.6890845185358,81818.71767942882,74164.28700807116,0.0022093920105095144,-0.017408596831308243,0.006184292316489204,36931193154.0,1
2026-05-09 00:00:00+00:00,80187.7421875,81030.0625,80119.9296875,80664.3671875,18102086996,0.0,0.0,63.999932374629516,78331.903125,75551.70386460508,1865.42252614288,1814.4357728434047,81805.20801178347,74858.59823821652,0.0059561145630133705,0.0022093920105095144,-0.017408596831308243,33789351540.0,1
2026-05-10 00:00:00+00:00,80665.609375,82430.171875,80274.1328125,82138.9296875,26965971077,0.0,0.0,67.95896214182513,78645.2234375,75810.02644589508,1953.240872719427,1842.1967928186093,82309.69820878058,74980.74866621941,0.01828022150812214,0.0059561145630133705,0.0022093920105095144,18102086996.0,0
2026-05-11 00:00:00+00:00,82139.046875,82326.234375,80451.421875,81728.296875,32409774919,0.0,0.0,65.7891851197965,78913.999609375,76042.11548233057,1967.0282318865939,1867.1630806322064,82658.1876702328,75169.81154851719,-0.004999247178679611,0.01828022150812214,0.0059561145630133705,26965971077.0,0
2026-05-12 00:00:00+00:00,81725.3515625,81753.03125,79832.1015625,80477.4921875,32186688600,0.0,0.0,59.55204395170502,79027.71914062499,76216.05182370976,1855.6347264547367,1864.8574097967125,82818.85771393345,75236.58056731653,-0.015304426194186482,-0.004999247178679611,0.01828022150812214,32409774919.0,0
2026-05-13 00:00:00+00:00,80476.7890625,81276.671875,78725.5078125,79277.1171875,34075428359,0.0,0.0,54.237757983913035,79078.12734375,76336.09360268193,1651.4573677664885,1822.177401390668,82853.56400082694,75302.69068667307,-0.014915661104390687,-0.015304426194186482,-0.004999247178679611,32186688600.0,1
2026-05-14 00:00:00+00:00,79276.9453125,82005.9609375,78909.6796875,81051.25,43731663431,0.0,0.0,59.929289687434846,79257.92421875,76521.00169669441,1614.1955889621313,1780.5810389049607,83050.41752289473,75465.43091460528,0.022378876470797504,-0.014915661104390687,-0.015304426194186482,34075428359.0,0
2026-05-15 00:00:00+00:00,81046.8671875,81634.84375,78635.3671875,79065.6796875,38183347368,0.0,0.0,52.116894229022975,79330.607421875,76620.7929904515,1408.213422930654,1706.1075157100995,83045.20343574988,75616.01140800012,-0.024497713637975926,0.022378876470797504,-0.014915661104390687,43731663431.0,0
2026-05-16 00:00:00+00:00,79066.0,79173.5,77630.734375,78131.4375,25895799905,0.0,0.0,48.887634338758986,79304.30234375,76680.03395161028,1156.256925493668,1596.1373976668133,83046.31728611901,75562.28740138098,-0.0118160267665125,-0.024497713637975926,0.022378876470797504,38183347368.0,0
2026-05-17 00:00:00+00:00,78133.5859375,78539.3984375,76783.4140625,77429.3515625,20900166465,0.0,0.0,46.553159919518535,79307.43867187499,76709.4189559589,889.6715387496806,1454.8442258833868,83042.71461884,75572.16272490998,-0.008985959556932488,-0.0118160267665125,-0.024497713637975926,25895799905.0,0
2026-05-18 00:00:00+00:00,77426.34375,77749.3203125,76029.2265625,76954.171875,41520471808,0.0,0.0,44.98737179256138,79337.61367187499,76719.01710964678,632.7635650755983,1290.428093721829,82980.9361726919,75694.29117105808,-0.006136945201154598,-0.008985959556932488,-0.0118160267665125,20900166465.0,0
2026-05-19 00:00:00+00:00,76954.75,77346.8671875,76082.3671875,76750.90625,26031898332,0.0,0.0,44.3009553506347,79386.35234375,76720.26766417043,408.0564866691275,1113.9537723112887,82850.75613465332,75921.94855284668,-0.002641385386229267,-0.006136945201154598,-0.008985959556932488,41520471808.0,1
2026-05-20 00:00:00+00:00,76749.453125,77775.5703125,76463.6484375,77457.7734375,26668360936,0.0,0.0,47.3116730132799,79444.025,76749.18945920297,283.7419816592883,947.9114141808886,82725.99864163772,76162.05135836227,0.009209887179670861,-0.002641385386229267,-0.006136945201154598,26031898332.0,1
2026-05-21 00:00:00+00:00,77462.5078125,78100.5625,76655.4375,77539.171875,27141485404,0.0,0.0,47.66250416801709,79412.03359374999,76780.16916178325,189.60437324234226,796.2500059931795,82757.78110212828,76066.2860853717,0.0010508749979196708,0.009209887179670861,-0.002641385386229267,26668360936.0,0
2026-05-22 00:00:00+00:00,77538.1171875,77819.453125,75323.875,75488.2421875,27859040109,0.0,0.0,40.368788246741175,79253.583203125,76729.50535887018,-49.91782350302674,627.0164400939383,83023.15488205272,75484.01152419728,-0.02645023976792371,0.0010508749979196708,0.009209887179670861,27141485404.0,1
2026-05-23 00:00:00+00:00,75488.3125,77288.1171875,74255.234375,76673.3671875,29973220002,0.0,0.0,45.553667973818015,79160.340234375,76727.30386195371,-142.4689141325798,473.1193692486347,83093.13969509941,75227.5407736506,0.015699464786268935,-0.02645023976792371,0.0010508749979196708,27859040109.0,1
2026-05-24 00:00:00+00:00,76670.65625,77372.5390625,76019.890625,76981.125,20572738918,0.0,0.0,46.84616416768006,79018.001171875,76737.25763207318,-188.80639423684624,340.73421655153857,83053.78731638526,74982.21502736474,0.004013881531345742,0.015699464786268935,-0.02645023976792371,29973220002.0,1
2026-05-25 00:00:00+00:00,76981.125,77804.921875,76833.0390625,77279.9296875,19808387601,0.0,0.0,48.13355418567917,78835.644921875,76758.53888914874,-199.12277657791856,232.76281792564714,82837.67829165742,74833.6115520926,0.0038815318365379436,0.004013881531345742,0.015699464786268935,20572738918.0,0
2026-05-26 00:00:00+00:00,77280.125,77990.8671875,75569.46875,75825.734375,35999475458,0.0,0.0,42.71176017398335,78555.555078125,76721.95831996643,-320.9403913570859,122.02217606910055,82577.8604668785,74533.24968937151,-0.01881724424932052,0.0038815318365379436,0.004013881531345742,19808387601.0,0
2026-05-27 00:00:00+00:00,75825.3046875,76014.296875,74136.5,74344.703125,33802172927,0.0,0.0,38.01521312598709,78272.290625,76628.73262604619,-530.8690451999282,-8.556068184705211,82645.92165652961,73898.65959347038,-0.019532039646005694,-0.01881724424932052,0.0038815318365379436,35999475458.0,0
2026-05-28 00:00:00+00:00,74339.5703125,74460.125,72493.4140625,73536.5546875,40148145327,0.0,0.0,35.70789710676022,77939.780078125,76507.4707461032,-753.7609536785167,-157.5970452834675,82695.09389184955,73184.46626440044,-0.010870289388891785,-0.019532039646005694,-0.01881724424932052,33802172927.0,0
2026-05-29 00:00:00+00:00,73537.03125,74218.5625,72435.625,73372.5234375,34457929250,0.0,0.0,35.24036632870717,77575.18789062499,76384.53163596189,-932.8866118463193,-312.6549585960379,82563.3782387697,72586.99754248028,-0.00223060831034394,-0.010870289388891785,-0.019532039646005694,40148145327.0,1
2026-05-30 00:00:00+00:00,73370.8515625,74020.7578125,73125.234375,73754.8359375,19563589191,0.0,0.0,37.30091887725996,77155.983203125,76281.40631445358,-1032.0981775123073,-456.54360237929177,81934.05598056756,72377.91042568244,0.0052105676905831455,-0.00223060831034394,-0.010870289388891785,34457929250.0,0
2026-05-31 00:00:00+00:00,73753.75,74153.5,73315.015625,73579.6875,17445435650,0.0,0.0,36.724409226098324,76748.552734375,76175.45655702404,-1112.0381891877914,-587.6425197409917,81267.66418338945,72229.44128536055,-0.002374738351372918,0.0052105676905831455,-0.00223060831034394,19563589191.0,0
2026-06-01 00:00:00+00:00,73580.2109375,73969.5703125,70599.5078125,71319.7734375,43378836121,0.0,0.0,30.231773742887473,76290.66679687501,75985.03761116034,-1342.2744974613306,-738.5689152850596,81067.35831749045,71513.97527625957,-0.030713830668280595,-0.002374738351372918,0.0052105676905831455,17445435650.0,0
2026-06-02 00:00:00+00:00,71321.03125,71334.953125,66127.265625,66703.65625,54990073882,0.0,0.0,21.766733219124276,75661.99375000001,75621.06187150699,-1875.5997625193704,-965.9750847319217,81876.865611959,69447.12188804102,-0.06472422674681189,-0.030713830668280595,-0.002374738351372918,43378836121.0,0
2026-06-03 00:00:00+00:00,66694.0078125,67402.9296875,64009.67578125,64014.3671875,47411556213,0.0,0.0,18.514238435227494,74810.149609375,75165.89737409496,-2486.603017764064,-1270.1006713383504,82426.99183462485,67193.30738412516,-0.04031696632071802,-0.06472422674681189,-0.030713830668280595,54990073882.0,0
2026-06-04 00:00:00+00:00,64020.0703125,64664.4453125,61335.75,63801.57421875,63800151780,0.0,0.0,18.281462139327708,74046.94433593749,74720.2376425128,-2953.946853223417,-1606.8699077153638,82836.97344968907,65256.915222185904,-0.0033241439086123536,-0.04031696632071802,-0.06472422674681189,47411556213.0,0
2026-06-05 00:00:00+00:00,63807.69140625,63901.515625,59108.91796875,60922.66796875,71465606706,0.0,0.0,15.451071192071892,73186.50585937499,74179.15647883584,-3516.092557891301,-1988.7144377505515,83525.63301854348,62847.37870020649,-0.04512280904119048,-0.0033241439086123536,-0.04031696632071802,63800151780.0,0
2026-06-06 00:00:00+00:00,60924.4765625,61491.703125,59496.625,60867.4140625,30898464957,0.0,0.0,15.401784837343234,72358.40898437498,73657.12736446974,-3920.858392441456,-2375.1432286887325,83854.92341098115,60861.894557768814,-0.0009069515189049637,-0.04512280904119048,-0.0033241439086123536,71465606706.0,1
2026-06-07 00:00:00+00:00,60866.94140625,64128.04296875,60724.06640625,63239.51953125,36006496194,0.0,0.0,26.27457663155362,71672.67636718751,73248.59372395132,-4004.0726881865558,-2700.9291205882973,83641.36606974501,59703.986664630014,0.03897168140434348,-0.0009069515189049637,-0.04512280904119048,30898464957.0,0
2026-06-08 00:00:00+00:00,63244.0859375,64185.765625,62384.66796875,63090.58984375,34133252457,0.0,0.0,26.048221722322126,70989.660546875,72850.24063061009,-4035.5190466684726,-2967.847105804333,83292.58155919981,58686.7395345502,-0.0023550097882448773,0.03897168140434348,-0.0009069515189049637,36006496194.0,0
2026-06-09 00:00:00+00:00,63092.890625,63486.08984375,60756.6875,61643.78125,40144449754,0.0,0.0,23.894604468352657,70198.9609375,72410.77163529204,-4129.582616528467,-3200.1942079491596,82781.10131971356,57616.82055528644,-0.022932240724538477,-0.0023550097882448773,0.03897168140434348,34133252457.0,0
2026-06-10 00:00:00+00:00,61643.20703125,62788.27734375,60788.0234375,61449.2890625,27493506779,0.0,0.0,23.611987166965307,69394.466796875,71980.90957361393,-4171.733421358607,-3394.5020506310493,82057.77943994285,56731.154153807154,-0.0031550982687325035,-0.022932240724538477,-0.0023550097882448773,40144449754.0,1
2026-06-11 00:00:00+00:00,61448.87890625,63851.94921875,61447.96875,63561.0546875,29316677897,0.0,0.0,32.892992281579346,68798.107421875,71650.71918592318,-3988.756498688679,-3513.352940242575,81376.19423104059,56220.02061270942,0.0343659895373587,-0.0031550982687325035,-0.022932240724538477,27493506779.0,0
2026-06-12 00:00:00+00:00,63547.44140625,64334.015625,62778.79296875,63543.19921875,26881868307,0.0,0.0,32.856642382988156,68141.5990234375,71332.7772264262,-3801.3669642043824,-3570.955745034937,80354.30638527236,55928.89166160266,-0.000280918383714468,0.0343659895373587,-0.0031550982687325035,29316677897.0,1
2026-06-13 00:00:00+00:00,63541.515625,64700.87890625,63431.3203125,64421.32421875,16956245530,0.0,0.0,36.56917234750776,67513.60898437501,71061.73985357616,-3541.1815230648062,-3565.000900640911,79087.43922515582,55939.7787435942,0.013819338824553329,-0.000280918383714468,0.0343659895373587,26881868307.0,1
2026-06-14 00:00:00+00:00,64420.16796875,65749.78125,63634.0234375,65710.3984375,21572226975,0.0,0.0,41.668104855223845,66935.132421875,70851.88332745554,-3194.145054316512,-3490.8297313760313,77572.27876589334,56297.98607785666,0.020010054657876974,0.013819338824553329,-0.000280918383714468,16956245530.0,1
2026-06-15 00:00:00+00:00,65711.109375,67248.1328125,65315.8359375,66289.5,32927321950,0.0,0.0,43.85172359075272,66458.32070312499,70672.96633422199,-2839.653735589891,-3360.5945322188036,76237.82925785115,56678.81214839884,0.00881293640382963,0.020010054657876974,0.013819338824553329,21572226975.0,0
2026-06-16 00:00:00+00:00,66289.4609375,66928.609375,65315.0703125,65600.640625,25063963967,0.0,0.0,41.845056166371684,66021.11757812499,70474.05160052702,-2584.50939059793,-3205.377503894629,75070.71072895639,56971.524427293596,-0.010391681563445165,0.00881293640382963,0.020010054657876974,32927321950.0,0
2026-06-17 00:00:00+00:00,65600.4296875,66354.625,63870.9296875,64418.4453125,31288885189,0.0,0.0,38.582053597838524,65565.212109375,70236.57684413382,-2449.463055312517,-3054.194614178207,73912.05726751444,57218.36695123556,-0.01802109402037566,-0.010391681563445165,0.00881293640382963,25063963967.0,0
2026-06-18 00:00:00+00:00,64419.64453125,64736.921875,62201.14453125,62896.47265625,30432454936,0.0,0.0,34.81781554214876,65041.4095703125,69948.72962107955,-2437.1543372220767,-2930.786558786981,72603.25761152184,57479.56152910316,-0.0236263487711752,-0.01802109402037566,-0.010391681563445165,31288885189.0,1
2026-06-19 00:00:00+00:00,62897.515625,63568.22265625,62275.58203125,63540.8359375,22361931660,0.0,0.0,37.59386772837276,64530.709570312494,69697.43967270388,-2348.3347169976914,-2814.2961904291233,70900.44020847788,58160.97893214711,0.010244823819797633,-0.0236263487711752,-0.01802109402037566,30432454936.0,1
2026-06-20 00:00:00+00:00,63535.80859375,64307.13671875,63149.66015625,64239.67578125,17486384117,0.0,0.0,40.55102643159972,64063.70898437499,69483.40971617628,-2196.2371384942962,-2690.684380042158,68800.194091605,59327.223877144985,0.01099827903487749,0.010244823819797633,-0.0236263487711752,22361931660.0,0
2026-06-21 00:00:00+00:00,64242.32421875,64506.578125,63221.0,63237.5390625,15739619591,0.0,0.0,37.78592288119462,63659.597265624994,69238.47361211055,-2131.986555823605,-2578.9448151984475,66946.85633278886,60372.33819846114,-0.015599965388407244,0.01099827903487749,0.010244823819797633,17486384117.0,1
2026-06-22 00:00:00+00:00,63240.7890625,65544.0,63233.53125,63952.10546875,26561496819,0.0,0.0,40.881443307733385,63522.019726562496,69031.16505746897,-2000.3491887787823,-2463.2256899145145,66487.41868589482,60556.62076723016,0.01129971875635083,-0.015599965388407244,0.01099827903487749,15739619591.0,0
2026-06-23 00:00:00+00:00,63952.79296875,64196.5625,61893.20703125,62668.01953125,29608942370,0.0,0.0,37.2907198703872,63454.70234375,68781.62993879372,-1976.8527031877748,-2365.9510925691666,66434.13481898389,60475.269868516116,-0.02007886883610832,0.01129971875635083,-0.015599965388407244,26561496819.0,0
2026-06-24 00:00:00+00:00,62663.03125,63097.7578125,59029.85546875,60995.1328125,42644106535,0.0,0.0,33.1995705645386,63314.3802734375,68476.27711031162,-2069.365192574456,-2306.6339125702243,66483.34794252983,60145.41260434517,-0.026694424544815853,-0.02007886883610832,0.01129971875635083,29608942370.0,0
2026-06-25 00:00:00+00:00,60992.0703125,61868.90625,58075.921875,59721.67578125,40625024718,0.0,0.0,30.46003231973553,63254.3306640625,68132.95941113275,-2219.850294244068,-2289.277188904993,66651.42881038784,59857.23251773717,-0.02087801063020267,-0.026694424544815853,-0.02007886883610832,42644106535.0,1
2026-06-26 00:00:00+00:00,59712.0546875,60647.1875,58269.125,60016.4296875,41502864671,0.0,0.0,31.86154534507782,63211.78144531251,67814.66412785303,-2288.9411558029606,-2289.2099822845867,66753.01920916908,59670.54368145594,0.004935459402204856,-0.02087801063020267,-0.026694424544815853,40625024718.0,0
2026-06-27 00:00:00+00:00,60016.3125,60835.046875,59794.62109375,59940.09765625,15099836554,0.0,0.0,31.68346040454509,63046.810351562504,67505.85759955487,-2323.0765380835364,-2295.9832934443766,66878.13743934596,59215.483263779046,-0.0012718522519159503,0.004935459402204856,-0.02087801063020267,41502864671.0,0
2026-06-28 00:00:00+00:00,59940.3515625,60432.70703125,58879.6328125,59532.33984375,16282230874,0.0,0.0,30.69643472711597,62868.897851562506,67193.170628739,-2355.8746655046853,-2307.9615678564387,67009.63510114154,58728.16060198347,-0.006802755224698642,-0.0012718522519159503,0.004935459402204856,15099836554.0,1
2026-06-29 00:00:00+00:00,59522.7890625,60682.33984375,58856.1875,60138.37890625,30829983083,0.0,0.0,33.98799474663427,62793.62773437501,66916.51212981786,-2306.3786331081064,-2307.6449809067726,67080.29273227876,58506.96273647127,0.010179997360940662,-0.006802755224698642,-0.0012718522519159503,16282230874.0,0
2026-06-30 00:00:00+00:00,60136.453125,60173.21875,58111.671875,58558.859375,32747419391,0.0,0.0,29.990085173879404,62649.106250000004,66588.76104139363,-2367.3177312092594,-2319.5795309672703,67305.55389587428,57992.658604125725,-0.026264750729518727,0.010179997360940662,-0.006802755224698642,30829983083.0,1
2026-07-01 00:00:00+00:00,58562.4453125,61223.76953125,57747.765625,60003.7578125,37904450118,0.0,0.0,37.2602943355953,62471.24140625,66330.52562065271,-2272.821505576736,-2310.2279258891635,67251.14225469159,57691.34055780841,0.024674292718837698,-0.026264750729518727,0.010179997360940662,32747419391.0,1
2026-07-02 00:00:00+00:00,60004.76953125,62117.875,59532.32421875,61485.30078125,40109297349,0.0,0.0,43.71453597348196,62368.346484375004,66140.51680342124,-2054.699137496238,-2259.1221682105784,67139.67832182873,57597.014646921285,0.024690836420271145,0.024674292718837698,-0.026264750729518727,37904450118.0,1
2026-07-03 00:00:00+00:00,61492.06640625,62879.0078125,61176.72265625,62544.19921875,26131813598,0.0,0.0,47.844335463000206,62274.490234375,65999.48474127727,-1775.9196388577257,-2162.481662340008,66948.64453069968,57600.335938050324,0.017221977026140145,0.024690836420271145,0.024674292718837698,40109297349.0,1
2026-07-04 00:00:00+00:00,62545.12890625,63398.41015625,62287.5859375,63088.3046875,18608397613,0.0,0.0,49.87932911073775,62143.385546875004,65885.32081759973,-1493.8598274445467,-2028.7572953609156,66551.2665829742,57735.504510775805,0.008699535297381988,0.017221977026140145,0.024690836420271145,26131813598.0,1
2026-07-05 00:00:00+00:00,63089.05859375,63935.84765625,62413.9921875,63547.8828125,18267466154,0.0,0.0,51.59720947767096,62006.30468750001,65793.65658210561,-1219.1872492439652,-1866.8432861375256,66024.58519447548,57988.02418052453,0.00728468021571449,0.008699535297381988,0.017221977026140145,18608397613.0,1
2026-07-06 00:00:00+00:00,63551.015625,64597.5703125,61275.828125,63995.015625,36552222303,0.0,0.0,53.275184574222905,61926.02343750001,65723.12164261128,-954.4253496652382,-1684.3596988430681,65698.58547032843,58153.46140467159,0.0070361559301554966,0.00728468021571449,0.008699535297381988,18267466154.0,0
2026-07-07 00:00:00+00:00,63994.59765625,64257.6328125,62623.93359375,63297.39453125,31026493556,0.0,0.0,50.342804486023894,61869.9708984375,65627.99508922457,-791.7648563381445,-1505.8407303420834,65517.86054115584,58222.08125571917,-0.010901178582999993,0.0070361559301554966,0.00728468021571449,36552222303.0,0
2026-07-08 00:00:00+00:00,63293.51953125,63706.88671875,61492.6484375,62257.57421875,27349235354,0.0,0.0,46.25597502677777,61838.0259765625,65495.82172175498,-738.2499664797288,-1352.3225775696123,65459.15811794268,58216.89383518232,-0.01642753734494773,-0.010901178582999993,0.0070361559301554966,31026493556.0,1
2026-07-09 00:00:00+00:00,62257.31640625,63422.94140625,61645.75390625,63193.1484375,26546256117,0.0,0.0,50.17519257194551,61820.6416015625,65405.52080864695,-613.2765399783602,-1204.513370051362,65410.557044681496,58230.726158443504,0.015027476262771566,-0.01642753734494773,-0.010901178582999993,27349235354.0,1
2026-07-10 00:00:00+00:00,63194.359375,64658.96875,62902.0625,64127.140625,27450201269,0.0,0.0,53.79749252010928,61815.01484375,65355.3882524255,-433.86748101028934,-1050.3841922431475,65389.284571035125,58240.74511646488,0.014779959704393386,0.015027476262771566,-0.01642753734494773,26546256117.0,0
2026-07-11 00:00:00+00:00,64127.96875,64445.4609375,63785.62109375,63802.02734375,13954689047,0.0,0.0,52.370244230593975,61843.2392578125,65294.4721383598,-314.29543182151247,-903.1664401588205,65473.285815940195,58213.192699684805,-0.005069823448876076,0.014779959704393386,0.015027476262771566,27450201269.0,0
2026-07-12 00:00:00+00:00,63791.40234375,64243.1328125,63606.82421875,63758.21875,19043437787,0.0,0.0,52.16939849668903,61833.544921875,65234.22690744373,-220.52661521410482,-766.6384751698773,65440.842517297206,58226.247326452794,-0.0006866332556169086,-0.005069823448876076,0.014779959704393386,13954689047.0,0
2026-07-13 00:00:00+00:00,63757.171875,64340.8828125,61769.0,62239.12109375,37650044790,0.0,0.0,45.63392706460158,61812.1,65116.771777494956,-265.72947375287185,-666.4566748864762,65403.57461836547,58220.62538163453,-0.023825911169295333,-0.0006866332556169086,-0.005069823448876076,19043437787.0,1
2026-07-14 00:00:00+00:00,62238.5859375,65046.1328125,62207.5234375,64956.11328125,29841287318,0.0,0.0,56.20213620460479,62010.149023437494,65110.47144430888,-81.37644512936822,-549.4406289350546,65840.82006542862,58179.477981446376,0.043654089899621606,-0.023825911169295333,-0.0006866332556169086,37650044790.0,0
2026-07-15 00:00:00+00:00,64959.80859375,65507.59375,64442.8203125,64712.375,27029791676,0.0,0.0,55.16612148634715,62259.683984375,65094.85981904187,44.543545688240556,-430.64379401039565,66112.80997478461,58406.55799396538,-0.0037523532264722714,0.043654089899621606,-0.023825911169295333,29841287318.0,0
2026-07-16 00:00:00+00:00,64713.296875,64931.85546875,63701.8046875,63789.28125,27232426674,0.0,0.0,51.30858626425824,62448.326562500006,65043.6606594716,69.0540821329414,-330.70421878172823,66207.30212350997,58689.35100149004,-0.014264562998962727,-0.0037523532264722714,0.043654089899621606,27029791676.0,1
2026-07-17 00:00:00+00:00,63789.91015625,64332.01953125,62489.453125,63899.4609375,27280236800,0.0,0.0,51.742340879864315,62646.294726562504,64998.79008213938,96.2598155909509,-245.3114119071924,66263.43994788933,59029.14950523568,0.0017272445360874134,-0.014264562998962727,-0.0037523532264722714,27232426674.0,1
2026-07-18 00:00:00+00:00,63899.1796875,64816.50390625,63845.015625,64796.6015625,14162542470,0.0,0.0,55.238864678862306,62909.50781250001,64990.861120584894,188.04464447581995,-158.64020063058993,66333.54804766411,59485.467577335905,0.014039877830542169,0.0017272445360874134,-0.014264562998962727,27280236800.0,0
2026-07-19 00:00:00+00:00,64799.27734375,64909.88671875,64250.9140625,64690.8046875,15000653941,0.0,0.0,54.73520867493323,63137.12910156251,64979.094201640386,249.3732395340412,-77.03751259766372,66386.31941023126,59887.938792893765,-0.0016327534538667088,0.014039877830542169,0.0017272445360874134,14162542470.0,1
2026-07-20 00:00:00+00:00,64684.41796875,65735.71875,63720.390625,65230.02734375,30988932408,0.0,0.0,56.892562852794974,63470.68750000001,64988.93471701723,337.5957610664409,5.889142135157201,66039.37851023831,60901.9964897617,0.008335383349377112,-0.0016327534538667088,0.014039877830542169,15000653941.0,1
2026-07-21 00:00:00+00:00,65228.87109375,66910.0625,65113.65625,66505.125,29554470321,0.0,0.0,61.558331076088365,63795.75585937501,65048.39315948715,504.5859170554613,105.62849711921803,66153.99538436759,61437.516334382424,0.019547709976119876,0.008335383349377112,-0.0016327534538667088,30988932408.0,0
2026-07-22 00:00:00+00:00,66506.7890625,66694.6484375,65514.17578125,66100.796875,28142272410,0.0,0.0,59.36416006730966,64026.5306640625,65089.66389342883,597.4142980490724,203.9856573051889,66335.59819415405,61717.46313397094,-0.0060796536357160536,0.019547709976119876,0.008335383349377112,29554470321.0,0
2026-07-23 00:00:00+00:00,66100.1328125,66282.3828125,64610.609375,65044.8125,24364433538,0.0,0.0,53.955071058764084,64151.56132812499,65087.90501525515,579.0968766275619,279.0079011696635,66392.47064179793,61910.65201445204,-0.01597536527429344,-0.0060796536357160536,0.019547709976119876,28142272410.0,0
2026-07-24 00:00:00+00:00,65044.95703125,65760.484375,63686.03515625,64098.49609375,25917559237,0.0,0.0,49.59400612985077,64202.070898437494,65049.1046653922,482.65659807364136,319.7376405504591,66386.91009637005,62017.23170050494,-0.01454868374399576,-0.01597536527429344,-0.0060796536357160536,24364433538.0,1
2026-07-25 00:00:00+00:00,64098.4921875,64386.0625,63753.02734375,64311.8125,13817493398,0.0,0.0,50.56401574983213,64240.2673828125,65020.19124714153,418.61430855904473,339.51297415217624,66403.5559497312,62076.97881589379,0.003327947132145015,-0.01454868374399576,-0.01597536527429344,25917559237.0,1
2026-07-26 00:00:00+00:00,64310.71875,64520.9453125,64237.53515625,64390.0,13396158464,0.0,0.0,50.9367062401297,64260.0166015625,64995.477864900684,369.9053716623239,345.5914536542058,66421.08863387379,62098.94456925121,0.0012157564366577223,0.003327947132145015,-0.01454868374399576,13817493398.0,0
